p,k,n,ip,delta,D,conic,ordy,om_jmax,wA,om_theta_i,k2i,jmax,i,Dlow,candidate,exceptional,shifted_conic,degenerate
13,12,1,3,2,2,0,1,30,212,44,44,3,16,0,2,0,0,1
13,12,1,4,2,2,0,1,44,226,58,46,4,17,1,2,0,0,1
13,12,1,5,1,2,1,1,58,240,72,48,5,18,1,1,0,0,1
13,12,1,6,2,2,0,1,72,254,86,50,6,19,1,2,0,0,1
13,12,1,7,2,2,0,1,86,268,100,52,7,20,1,2,0,0,1
13,12,1,8,2,2,0,1,100,282,114,54,8,21,1,2,0,0,1
13,12,1,9,2,2,0,1,114,296,128,56,9,22,1,2,0,0,1
13,12,1,10,1,2,1,1,128,310,142,58,10,23,1,1,0,0,1
13,12,1,11,2,2,0,1,142,324,156,60,11,24,1,2,0,0,1
13,12,1,12,2,2,0,1,156,338,26,62,12,25,0,2,0,0,1
13,12,2,3,1,1,0,1,44,226,58,70,16,29,0,1,0,0,1
13,12,2,4,2,2,0,1,58,240,72,72,17,30,0,2,0,0,1
13,12,2,5,2,2,0,1,72,254,86,74,18,31,1,2,0,0,1
13,12,2,6,2,2,0,1,86,268,100,76,19,32,1,2,0,0,1
13,12,2,7,2,2,0,1,100,282,114,78,20,33,1,2,0,0,1
13,12,2,8,2,2,0,1,114,296,128,80,21,34,1,2,0,0,1
13,12,2,9,2,2,0,1,128,310,142,82,22,35,1,2,0,0,1
13,12,2,10,2,2,0,1,142,324,156,84,23,36,1,2,0,0,1
13,12,2,11,2,2,0,1,156,338,26,86,24,37,0,2,0,0,1
13,12,2,12,1,1,0,1,26,208,16,88,25,38,0,1,0,0,1
13,12,3,3,1,1,0,1,58,240,72,96,29,42,0,1,0,0,1
13,12,3,4,1,1,0,1,72,254,86,98,30,43,0,1,0,0,1
13,12,3,5,2,2,0,1,86,268,100,100,31,44,0,2,0,0,1
13,12,3,6,2,2,0,1,100,282,114,102,32,45,1,2,0,0,1
13,12,3,7,2,2,0,1,114,296,128,104,33,46,1,2,0,0,1
13,12,3,8,2,2,0,1,128,310,142,106,34,47,1,2,0,0,1
13,12,3,9,2,2,0,1,142,324,156,108,35,48,1,2,0,0,1
13,12,3,10,2,2,0,1,156,338,26,110,36,49,0,2,0,0,1
13,12,3,11,1,1,0,1,26,208,16,112,37,50,0,1,0,0,1
13,12,3,12,1,1,0,1,16,198,30,114,38,51,0,1,0,0,1
13,12,4,3,1,1,0,1,72,254,86,122,42,55,0,1,0,0,1
13,12,4,4,1,1,0,1,86,268,100,124,43,56,0,1,0,0,1
13,12,4,5,1,1,0,1,100,282,114,126,44,57,0,1,0,0,1
13,12,4,6,2,2,0,1,114,296,128,128,45,58,0,2,0,0,1
13,12,4,7,2,2,0,1,128,310,142,130,46,59,1,2,0,0,1
13,12,4,8,2,2,0,1,142,324,156,132,47,60,1,2,0,0,1
13,12,4,9,2,2,0,1,156,338,26,134,48,61,0,2,0,0,1
13,12,4,10,1,1,0,1,26,208,16,136,49,62,0,1,0,0,1
13,12,4,11,1,1,0,1,16,198,30,138,50,63,0,1,0,0,1
13,12,4,12,1,1,0,1,30,212,44,140,51,64,0,1,0,0,1
13,12,5,3,1,1,0,1,86,268,100,148,55,68,0,1,0,1,1
13,12,5,4,1,1,0,1,100,282,114,150,56,69,0,1,0,0,1
13,12,5,5,1,1,0,1,114,296,128,152,57,70,0,1,0,0,1
13,12,5,6,1,1,0,1,128,310,142,154,58,71,0,1,0,0,1
13,12,5,7,2,2,0,1,142,324,156,156,59,72,0,2,0,0,1
13,12,5,8,2,2,0,1,156,338,26,158,60,73,0,2,0,0,1
13,12,5,9,1,1,0,1,26,208,16,160,61,74,0,1,0,0,1
13,12,5,10,1,1,0,1,16,198,30,162,62,75,0,1,0,0,1
13,12,5,11,1,1,0,1,30,212,44,164,63,76,0,1,0,0,1
13,12,5,12,0,1,0,1,44,226,58,166,64,77,0,1,1,1,1
13,12,6,3,0,1,1,1,100,282,114,174,68,81,0,1,1,0,1
13,12,6,4,1,1,0,1,114,296,128,176,69,82,0,1,0,0,1
13,12,6,5,1,1,0,1,128,310,142,178,70,83,0,1,0,0,1
13,12,6,6,1,1,0,1,142,324,156,180,71,84,0,1,0,0,1
13,12,6,7,1,1,0,1,156,338,26,182,72,85,-1,1,0,0,1
13,12,6,8,1,1,0,1,26,208,16,184,73,86,-1,1,0,0,1
13,12,6,9,1,1,0,1,16,198,30,186,74,87,-1,1,0,0,1
13,12,6,10,1,1,0,1,30,212,44,188,75,88,0,1,0,0,1
13,12,6,11,1,1,0,1,44,226,58,190,76,89,0,1,0,0,1
13,12,6,12,1,1,1,1,58,240,72,192,77,90,0,1,0,0,1
13,12,7,3,1,1,0,1,114,296,128,200,81,94,0,1,0,0,1
13,12,7,4,1,1,0,1,128,310,142,202,82,95,0,1,0,0,1
13,12,7,5,1,1,0,1,142,324,156,204,83,96,0,1,0,0,1
13,12,7,6,1,1,0,1,156,338,26,206,84,97,-1,1,0,0,1
13,12,7,7,0,0,0,1,26,208,16,208,85,98,-1,0,0,0,1
13,12,7,8,0,0,0,1,16,198,30,210,86,99,-1,0,0,0,1
13,12,7,9,0,0,0,1,30,212,44,212,87,100,-1,0,0,0,1
13,12,7,10,1,1,0,1,44,226,58,214,88,101,-1,1,0,0,1
13,12,7,11,1,1,0,1,58,240,72,216,89,102,0,1,0,0,1
13,12,7,12,1,1,0,1,72,254,86,218,90,103,0,1,0,0,1
13,12,8,3,1,1,0,1,128,310,142,226,94,107,0,1,0,0,1
13,12,8,4,1,1,0,1,142,324,156,228,95,108,0,1,0,0,1
13,12,8,5,1,1,0,1,156,338,26,230,96,109,-1,1,0,0,1
13,12,8,6,0,0,0,1,26,208,16,232,97,110,-1,0,0,0,1
13,12,8,7,0,0,0,1,16,198,30,234,98,111,-1,0,0,0,1
13,12,8,8,0,0,0,1,30,212,44,236,99,112,-1,0,0,0,1
13,12,8,9,0,0,0,1,44,226,58,238,100,113,-1,0,0,0,1
13,12,8,10,0,0,0,1,58,240,72,240,101,114,-1,0,0,0,1
13,12,8,11,1,1,0,1,72,254,86,242,102,115,-1,1,0,0,1
13,12,8,12,1,1,0,1,86,268,100,244,103,116,0,1,0,0,1
13,12,9,3,1,1,0,1,142,324,156,252,107,120,0,1,0,0,1
13,12,9,4,1,1,0,1,156,338,26,254,108,121,-1,1,0,0,1
13,12,9,5,0,0,0,1,26,208,16,256,109,122,-1,0,0,0,1
13,12,9,6,0,0,0,1,16,198,30,258,110,123,-1,0,0,0,1
13,12,9,7,0,0,0,1,30,212,44,260,111,124,-1,0,0,0,1
13,12,9,8,0,0,0,1,44,226,58,262,112,125,-1,0,0,0,1
13,12,9,9,0,0,0,1,58,240,72,264,113,126,-1,0,0,0,1
13,12,9,10,0,0,0,1,72,254,86,266,114,127,-1,0,0,0,1
13,12,9,11,0,0,0,1,86,268,100,268,115,128,-1,0,0,0,1
13,12,9,12,1,1,0,1,100,282,114,270,116,129,-1,1,0,0,1
13,12,10,3,1,1,0,1,156,338,26,278,120,133,-1,1,0,0,1
13,12,10,4,0,0,0,1,26,208,16,280,121,134,-1,0,0,0,1
13,12,10,5,-1,0,0,1,16,198,30,282,122,135,-1,0,1,1,1
13,12,10,6,0,0,0,1,30,212,44,284,123,136,-1,0,0,0,1
13,12,10,7,0,0,0,1,44,226,58,286,124,137,-1,0,0,0,1
13,12,10,8,0,0,0,1,58,240,72,288,125,138,-1,0,0,0,1
13,12,10,9,0,0,0,1,72,254,86,290,126,139,-1,0,0,0,1
13,12,10,10,-1,0,0,1,86,268,100,292,127,140,-1,0,1,1,1
13,12,10,11,0,0,0,1,100,282,114,294,128,141,-1,0,0,0,1
13,12,10,12,0,0,0,1,114,296,128,296,129,142,-1,0,0,0,1
13,12,11,3,0,0,0,1,26,208,16,304,133,146,-1,0,0,0,1
13,12,11,4,0,0,0,1,16,198,30,306,134,147,-1,0,0,0,1
13,12,11,5,0,0,1,1,30,212,44,308,135,148,-1,0,0,0,1
13,12,11,6,0,0,0,1,44,226,58,310,136,149,-1,0,0,0,1
13,12,11,7,0,0,0,1,58,240,72,312,137,150,-1,0,0,0,1
13,12,11,8,0,0,0,1,72,254,86,314,138,151,-1,0,0,0,1
13,12,11,9,0,0,0,1,86,268,100,316,139,152,-1,0,0,0,1
13,12,11,10,0,0,1,1,100,282,114,318,140,153,-1,0,0,0,1
13,12,11,11,0,0,0,1,114,296,128,320,141,154,-1,0,0,0,1
13,12,11,12,0,0,0,1,128,310,142,322,142,155,-1,0,0,0,1
17,8,1,11,2,2,0,1,46,352,64,64,11,28,0,2,0,0,0
17,8,1,12,2,2,0,1,64,370,82,66,12,29,1,2,0,0,0
17,8,1,13,2,2,0,1,82,388,100,68,13,30,1,2,0,0,0
17,8,1,14,2,2,0,1,100,406,118,70,14,31,1,2,0,0,0
17,8,1,15,2,2,0,1,118,424,136,72,15,32,1,2,0,0,0
17,8,1,16,2,2,0,1,136,442,26,74,16,33,0,2,0,0,0
17,8,2,11,1,1,0,1,64,370,82,98,28,45,0,1,0,0,0
17,8,2,12,2,2,0,1,82,388,100,100,29,46,0,2,0,0,0
17,8,2,13,2,2,0,1,100,406,118,102,30,47,1,2,0,0,0
17,8,2,14,2,2,0,1,118,424,136,104,31,48,1,2,0,0,0
17,8,2,15,2,2,0,1,136,442,26,106,32,49,0,2,0,0,0
17,8,2,16,1,1,0,1,26,332,44,108,33,50,0,1,0,0,0
17,8,3,11,1,1,0,1,82,388,100,132,45,62,0,1,0,0,0
17,8,3,12,1,1,0,1,100,406,118,134,46,63,0,1,0,0,0
17,8,3,13,2,2,0,1,118,424,136,136,47,64,0,2,0,0,0
17,8,3,14,2,2,0,1,136,442,26,138,48,65,0,2,0,0,0
17,8,3,15,1,1,0,1,26,332,44,140,49,66,0,1,0,0,0
17,8,3,16,1,1,0,1,44,350,62,142,50,67,0,1,0,0,0
17,8,4,11,1,1,0,1,100,406,118,166,62,79,0,1,0,0,0
17,8,4,12,1,1,0,1,118,424,136,168,63,80,0,1,0,0,0
17,8,4,13,1,1,0,1,136,442,26,170,64,81,0,1,0,0,0
17,8,4,14,1,1,0,1,26,332,44,172,65,82,0,1,0,0,0
17,8,4,15,1,1,0,1,44,350,62,174,66,83,0,1,0,0,0
17,8,4,16,1,1,0,1,62,368,80,176,67,84,0,1,0,0,0
17,8,5,11,1,1,0,1,118,424,136,200,79,96,0,1,0,0,0
17,8,5,12,1,1,0,1,136,442,26,202,80,97,0,1,0,0,0
17,8,5,13,1,1,0,1,26,332,44,204,81,98,0,1,0,0,0
17,8,5,14,1,1,0,1,44,350,62,206,82,99,0,1,0,0,0
17,8,5,15,1,1,0,1,62,368,80,208,83,100,0,1,0,0,0
17,8,5,16,1,1,0,1,80,386,98,210,84,101,0,1,0,0,0
17,8,6,11,1,1,0,1,136,442,26,234,96,113,0,1,0,0,0
17,8,6,12,1,1,0,1,26,332,44,236,97,114,0,1,0,0,0
17,8,6,13,1,1,0,1,44,350,62,238,98,115,0,1,0,1,0
17,8,6,14,1,1,0,1,62,368,80,240,99,116,0,1,0,1,0
17,8,6,15,1,1,0,1,80,386,98,242,100,117,0,1,0,0,0
17,8,6,16,1,1,0,1,98,404,116,244,101,118,0,1,0,0,0
17,8,7,11,1,1,0,1,26,332,44,268,113,130,0,1,0,0,0
17,8,7,12,1,1,0,1,44,350,62,270,114,131,0,1,0,0,0
17,8,7,13,1,1,1,1,62,368,80,272,115,132,0,1,0,0,0
17,8,7,14,1,1,1,1,80,386,98,274,116,133,0,1,0,0,0
17,8,7,15,1,1,0,1,98,404,116,276,117,134,0,1,0,0,0
17,8,7,16,1,1,0,1,116,422,134,278,118,135,0,1,0,0,0
17,8,8,11,1,1,0,1,44,350,62,302,130,147,0,1,0,0,0
17,8,8,12,1,1,0,1,62,368,80,304,131,148,0,1,0,0,0
17,8,8,13,1,1,0,1,80,386,98,306,132,149,0,1,0,1,0
17,8,8,14,1,1,0,1,98,404,116,308,133,150,0,1,0,1,0
17,8,8,15,1,1,0,1,116,422,134,310,134,151,0,1,0,0,0
17,8,8,16,1,1,0,1,134,440,152,312,135,152,0,1,0,0,0
17,8,9,11,1,1,0,1,62,368,80,336,147,164,0,1,0,0,0
17,8,9,12,1,1,0,1,80,386,98,338,148,165,0,1,0,0,0
17,8,9,13,1,1,1,1,98,404,116,340,149,166,0,1,0,0,0
17,8,9,14,1,1,1,1,116,422,134,342,150,167,0,1,0,0,0
17,8,9,15,1,1,0,1,134,440,152,344,151,168,0,1,0,0,0
17,8,9,16,1,1,0,1,152,458,170,346,152,169,0,1,0,0,0
17,8,10,11,1,1,0,1,80,386,98,370,164,181,-1,1,0,0,0
17,8,10,12,1,1,0,1,98,404,116,372,165,182,0,1,0,0,0
17,8,10,13,1,1,0,1,116,422,134,374,166,183,0,1,0,0,0
17,8,10,14,1,1,0,1,134,440,152,376,167,184,0,1,0,0,0
17,8,10,15,1,1,0,1,152,458,170,378,168,185,0,1,0,0,0
17,8,10,16,1,1,0,1,170,476,28,380,169,186,-1,1,0,0,0
17,8,11,11,0,0,0,1,98,404,116,404,181,198,-1,0,0,0,0
17,8,11,12,1,1,0,1,116,422,134,406,182,199,-1,1,0,0,0
17,8,11,13,1,1,0,1,134,440,152,408,183,200,0,1,0,0,0
17,8,11,14,1,1,0,1,152,458,170,410,184,201,0,1,0,0,0
17,8,11,15,1,1,0,1,170,476,28,412,185,202,-1,1,0,0,0
17,8,11,16,0,0,0,1,28,334,46,414,186,203,-1,0,0,0,0
17,8,12,11,0,0,0,1,116,422,134,438,198,215,-1,0,0,0,0
17,8,12,12,0,0,0,1,134,440,152,440,199,216,-1,0,0,0,0
17,8,12,13,1,1,0,1,152,458,170,442,200,217,-1,1,0,0,0
17,8,12,14,1,1,0,1,170,476,28,444,201,218,-1,1,0,0,0
17,8,12,15,0,0,0,1,28,334,46,446,202,219,-1,0,0,0,0
17,8,12,16,0,0,0,1,46,352,64,448,203,220,-1,0,0,0,0
17,8,13,11,0,0,0,1,134,440,152,472,215,232,-1,0,0,0,0
17,8,13,12,0,0,0,1,152,458,170,474,216,233,-1,0,0,0,0
17,8,13,13,0,0,0,1,170,476,28,476,217,234,-1,0,0,0,0
17,8,13,14,0,0,0,1,28,334,46,478,218,235,-1,0,0,0,0
17,8,13,15,0,0,0,1,46,352,64,480,219,236,-1,0,0,0,0
17,8,13,16,0,0,0,1,64,370,82,482,220,237,-1,0,0,0,0
17,8,14,11,0,0,0,1,152,458,170,506,232,249,-1,0,0,0,0
17,8,14,12,0,0,0,1,170,476,28,508,233,250,-1,0,0,0,0
17,8,14,13,0,0,0,1,28,334,46,510,234,251,-1,0,0,0,0
17,8,14,14,0,0,0,1,46,352,64,512,235,252,-1,0,0,0,0
17,8,14,15,0,0,0,1,64,370,82,514,236,253,-1,0,0,0,0
17,8,14,16,0,0,0,1,82,388,100,516,237,254,-1,0,0,0,0
17,8,15,11,0,0,0,1,170,476,28,540,249,266,-1,0,0,0,0
17,8,15,12,0,0,0,1,28,334,46,542,250,267,-1,0,0,0,0
17,8,15,13,0,0,0,1,46,352,64,544,251,268,-1,0,0,0,0
17,8,15,14,0,0,0,1,64,370,82,546,252,269,-1,0,0,0,0
17,8,15,15,0,0,0,1,82,388,100,548,253,270,-1,0,0,0,0
17,8,15,16,0,0,0,1,100,406,118,550,254,271,-1,0,0,0,0
17,12,1,7,2,2,0,1,42,348,60,60,7,24,0,2,0,0,0
17,12,1,8,2,2,0,1,60,366,78,62,8,25,1,2,0,0,0
17,12,1,9,2,2,0,1,78,384,96,64,9,26,1,2,0,0,0
17,12,1,10,2,2,0,1,96,402,114,66,10,27,1,2,0,1,0
17,12,1,11,2,2,0,1,114,420,132,68,11,28,1,2,0,0,0
17,12,1,12,2,2,0,1,132,438,150,70,12,29,1,2,0,0,0
17,12,1,13,2,2,0,1,150,456,168,72,13,30,1,2,0,1,0
17,12,1,14,2,2,0,1,168,474,186,74,14,31,1,2,0,0,0
17,12,1,15,2,2,0,1,186,492,204,76,15,32,1,2,0,0,0
17,12,1,16,2,2,0,1,204,510,30,78,16,33,0,2,0,0,0
17,12,2,7,1,1,0,1,60,366,78,94,24,41,0,1,0,0,0
17,12,2,8,2,2,0,1,78,384,96,96,25,42,0,2,0,0,0
17,12,2,9,2,2,0,1,96,402,114,98,26,43,1,2,0,0,0
17,12,2,10,1,2,1,1,114,420,132,100,27,44,1,1,0,0,0
17,12,2,11,2,2,0,1,132,438,150,102,28,45,1,2,0,0,0
17,12,2,12,2,2,0,1,150,456,168,104,29,46,1,2,0,0,0
17,12,2,13,1,2,1,1,168,474,186,106,30,47,1,1,0,0,0
17,12,2,14,2,2,0,1,186,492,204,108,31,48,1,2,0,0,0
17,12,2,15,2,2,0,1,204,510,30,110,32,49,0,2,0,0,0
17,12,2,16,1,1,0,1,30,336,48,112,33,50,0,1,0,0,0
17,12,3,7,1,1,0,1,78,384,96,128,41,58,0,1,0,0,0
17,12,3,8,1,1,0,1,96,402,114,130,42,59,0,1,0,0,0
17,12,3,9,2,2,0,1,114,420,132,132,43,60,0,2,0,0,0
17,12,3,10,2,2,0,1,132,438,150,134,44,61,1,2,0,0,0
17,12,3,11,2,2,0,1,150,456,168,136,45,62,1,2,0,0,0
17,12,3,12,2,2,0,1,168,474,186,138,46,63,1,2,0,0,0
17,12,3,13,2,2,0,1,186,492,204,140,47,64,1,2,0,0,0
17,12,3,14,2,2,0,1,204,510,30,142,48,65,0,2,0,0,0
17,12,3,15,1,1,0,1,30,336,48,144,49,66,0,1,0,0,0
17,12,3,16,1,1,0,1,48,354,66,146,50,67,0,1,0,0,0
17,12,4,7,1,1,0,1,96,402,114,162,58,75,0,1,0,0,0
17,12,4,8,1,1,0,1,114,420,132,164,59,76,0,1,0,0,0
17,12,4,9,1,1,0,1,132,438,150,166,60,77,0,1,0,0,0
17,12,4,10,2,2,0,1,150,456,168,168,61,78,0,2,0,0,0
17,12,4,11,2,2,0,1,168,474,186,170,62,79,1,2,0,0,0
17,12,4,12,2,2,0,1,186,492,204,172,63,80,1,2,0,0,0
17,12,4,13,2,2,0,1,204,510,30,174,64,81,0,2,0,0,0
17,12,4,14,1,1,0,1,30,336,48,176,65,82,0,1,0,0,0
17,12,4,15,1,1,0,1,48,354,66,178,66,83,0,1,0,0,0
17,12,4,16,1,1,0,1,66,372,84,180,67,84,0,1,0,0,0
17,12,5,7,1,1,0,1,114,420,132,196,75,92,0,1,0,0,0
17,12,5,8,1,1,0,1,132,438,150,198,76,93,0,1,0,0,0
17,12,5,9,1,1,0,1,150,456,168,200,77,94,0,1,0,0,0
17,12,5,10,1,1,0,1,168,474,186,202,78,95,0,1,0,0,0
17,12,5,11,2,2,0,1,186,492,204,204,79,96,0,2,0,0,0
17,12,5,12,2,2,0,1,204,510,30,206,80,97,0,2,0,0,0
17,12,5,13,1,1,0,1,30,336,48,208,81,98,0,1,0,0,0
17,12,5,14,1,1,0,1,48,354,66,210,82,99,0,1,0,0,0
17,12,5,15,1,1,0,1,66,372,84,212,83,100,0,1,0,0,0
17,12,5,16,1,1,0,1,84,390,102,214,84,101,0,1,0,0,0
17,12,6,7,1,1,0,1,132,438,150,230,92,109,0,1,0,0,0
17,12,6,8,1,1,0,1,150,456,168,232,93,110,0,1,0,0,0
17,12,6,9,1,1,0,1,168,474,186,234,94,111,0,1,0,0,0
17,12,6,10,1,1,0,1,186,492,204,236,95,112,0,1,0,0,0
17,12,6,11,1,1,0,1,204,510,30,238,96,113,0,1,0,0,0
17,12,6,12,1,1,0,1,30,336,48,240,97,114,0,1,0,0,0
17,12,6,13,1,1,0,1,48,354,66,242,98,115,0,1,0,0,0
17,12,6,14,1,1,0,1,66,372,84,244,99,116,0,1,0,0,0
17,12,6,15,1,1,0,1,84,390,102,246,100,117,0,1,0,0,0
17,12,6,16,1,1,0,1,102,408,24,248,101,118,0,1,0,0,0
17,12,7,7,1,1,0,1,150,456,168,264,109,126,0,1,0,0,0
17,12,7,8,1,1,0,1,168,474,186,266,110,127,0,1,0,0,0
17,12,7,9,1,1,0,1,186,492,204,268,111,128,0,1,0,0,0
17,12,7,10,1,1,0,1,204,510,30,270,112,129,0,1,0,0,0
17,12,7,11,1,1,0,1,30,336,48,272,113,130,0,1,0,1,0
17,12,7,12,1,1,0,1,48,354,66,274,114,131,0,1,0,1,0
17,12,7,13,1,1,0,1,66,372,84,276,115,132,0,1,0,0,0
17,12,7,14,1,1,0,1,84,390,102,278,116,133,0,1,0,0,0
17,12,7,15,1,1,0,1,102,408,24,280,117,134,0,1,0,0,0
17,12,7,16,1,1,0,1,24,330,42,282,118,135,0,1,0,0,0
17,12,8,7,1,1,0,1,168,474,186,298,126,143,0,1,0,0,0
17,12,8,8,1,1,0,1,186,492,204,300,127,144,0,1,0,0,0
17,12,8,9,1,1,0,1,204,510,30,302,128,145,-1,1,0,0,0
17,12,8,10,1,1,0,1,30,336,48,304,129,146,0,1,0,0,0
17,12,8,11,1,1,1,1,48,354,66,306,130,147,0,1,0,0,0
17,12,8,12,1,1,1,1,66,372,84,308,131,148,0,1,0,0,0
17,12,8,13,1,1,0,1,84,390,102,310,132,149,0,1,0,0,0
17,12,8,14,1,1,0,1,102,408,24,312,133,150,-1,1,0,0,0
17,12,8,15,1,1,0,1,24,330,42,314,134,151,-1,1,0,0,0
17,12,8,16,1,1,0,1,42,348,60,316,135,152,0,1,0,0,0
17,12,9,7,1,1,0,1,186,492,204,332,143,160,0,1,0,0,0
17,12,9,8,1,1,0,1,204,510,30,334,144,161,-1,1,0,0,0
17,12,9,9,0,0,0,1,30,336,48,336,145,162,-1,0,0,0,0
17,12,9,10,1,1,0,1,48,354,66,338,146,163,-1,1,0,0,0
17,12,9,11,1,1,0,1,66,372,84,340,147,164,0,1,0,0,0
17,12,9,12,1,1,0,1,84,390,102,342,148,165,0,1,0,0,0
17,12,9,13,1,1,0,1,102,408,24,344,149,166,-1,1,0,0,0
17,12,9,14,0,0,0,1,24,330,42,346,150,167,-1,0,0,0,0
17,12,9,15,0,0,0,1,42,348,60,348,151,168,-1,0,0,0,0
17,12,9,16,1,1,0,1,60,366,78,350,152,169,-1,1,0,0,0
17,12,10,7,1,1,0,1,204,510,30,366,160,177,-1,1,0,0,0
17,12,10,8,0,0,0,1,30,336,48,368,161,178,-1,0,0,0,0
17,12,10,9,0,0,0,1,48,354,66,370,162,179,-1,0,0,0,0
17,12,10,10,0,0,0,1,66,372,84,372,163,180,-1,0,0,0,0
17,12,10,11,1,1,0,1,84,390,102,374,164,181,-1,1,0,0,0
17,12,10,12,1,1,0,1,102,408,24,376,165,182,-1,1,0,0,0
17,12,10,13,0,0,0,1,24,330,42,378,166,183,-1,0,0,0,0
17,12,10,14,0,0,0,1,42,348,60,380,167,184,-1,0,0,0,0
17,12,10,15,0,0,0,1,60,366,78,382,168,185,-1,0,0,0,0
17,12,10,16,0,0,0,1,78,384,96,384,169,186,-1,0,0,0,0
17,12,11,7,0,0,0,1,30,336,48,400,177,194,-1,0,0,0,0
17,12,11,8,0,0,0,1,48,354,66,402,178,195,-1,0,0,0,0
17,12,11,9,0,0,0,1,66,372,84,404,179,196,-1,0,0,0,0
17,12,11,10,0,0,0,1,84,390,102,406,180,197,-1,0,0,0,0
17,12,11,11,0,0,0,1,102,408,24,408,181,198,-1,0,0,0,0
17,12,11,12,0,0,0,1,24,330,42,410,182,199,-1,0,0,0,0
17,12,11,13,0,0,0,1,42,348,60,412,183,200,-1,0,0,0,0
17,12,11,14,0,0,0,1,60,366,78,414,184,201,-1,0,0,0,0
17,12,11,15,0,0,0,1,78,384,96,416,185,202,-1,0,0,0,0
17,12,11,16,0,0,0,1,96,402,114,418,186,203,-1,0,0,0,0
17,12,12,7,0,0,0,1,48,354,66,434,194,211,-1,0,0,0,0
17,12,12,8,0,0,0,1,66,372,84,436,195,212,-1,0,0,0,0
17,12,12,9,0,0,0,1,84,390,102,438,196,213,-1,0,0,0,0
17,12,12,10,0,0,0,1,102,408,24,440,197,214,-1,0,0,0,0
17,12,12,11,0,0,0,1,24,330,42,442,198,215,-1,0,0,0,0
17,12,12,12,0,0,0,1,42,348,60,444,199,216,-1,0,0,0,0
17,12,12,13,0,0,0,1,60,366,78,446,200,217,-1,0,0,0,0
17,12,12,14,0,0,0,1,78,384,96,448,201,218,-1,0,0,0,0
17,12,12,15,0,0,0,1,96,402,114,450,202,219,-1,0,0,0,0
17,12,12,16,0,0,0,1,114,420,132,452,203,220,-1,0,0,0,0
17,12,13,7,0,0,0,1,66,372,84,468,211,228,-1,0,0,0,0
17,12,13,8,0,0,0,1,84,390,102,470,212,229,-1,0,0,0,0
17,12,13,9,0,0,0,1,102,408,24,472,213,230,-1,0,0,0,0
17,12,13,10,-1,0,0,1,24,330,42,474,214,231,-1,0,1,1,0
17,12,13,11,0,0,0,1,42,348,60,476,215,232,-1,0,0,0,0
17,12,13,12,0,0,0,1,60,366,78,478,216,233,-1,0,0,0,0
17,12,13,13,-1,0,0,1,78,384,96,480,217,234,-1,0,1,1,0
17,12,13,14,0,0,0,1,96,402,114,482,218,235,-1,0,0,0,0
17,12,13,15,0,0,0,1,114,420,132,484,219,236,-1,0,0,0,0
17,12,13,16,0,0,0,1,132,438,150,486,220,237,-1,0,0,0,0
17,12,14,7,0,0,0,1,84,390,102,502,228,245,-1,0,0,0,0
17,12,14,8,0,0,0,1,102,408,24,504,229,246,-1,0,0,0,0
17,12,14,9,0,0,0,1,24,330,42,506,230,247,-1,0,0,0,0
17,12,14,10,0,0,1,1,42,348,60,508,231,248,-1,0,0,0,0
17,12,14,11,0,0,0,1,60,366,78,510,232,249,-1,0,0,0,0
17,12,14,12,0,0,0,1,78,384,96,512,233,250,-1,0,0,0,0
17,12,14,13,0,0,1,1,96,402,114,514,234,251,-1,0,0,0,0
17,12,14,14,0,0,0,1,114,420,132,516,235,252,-1,0,0,0,0
17,12,14,15,0,0,0,1,132,438,150,518,236,253,-1,0,0,0,0
17,12,14,16,0,0,0,1,150,456,168,520,237,254,-1,0,0,0,0
17,12,15,7,0,0,0,1,102,408,24,536,245,262,-1,0,0,0,0
17,12,15,8,0,0,0,1,24,330,42,538,246,263,-1,0,0,0,0
17,12,15,9,0,0,0,1,42,348,60,540,247,264,-1,0,0,0,0
17,12,15,10,0,0,0,1,60,366,78,542,248,265,-1,0,0,0,0
17,12,15,11,0,0,0,1,78,384,96,544,249,266,-1,0,0,0,0
17,12,15,12,0,0,0,1,96,402,114,546,250,267,-1,0,0,0,0
17,12,15,13,0,0,0,1,114,420,132,548,251,268,-1,0,0,0,0
17,12,15,14,0,0,0,1,132,438,150,550,252,269,-1,0,0,0,0
17,12,15,15,0,0,0,1,150,456,168,552,253,270,-1,0,0,0,0
17,12,15,16,0,0,0,1,168,474,186,554,254,271,-1,0,0,0,0
19,12,1,9,2,2,0,1,48,428,68,68,9,28,0,2,0,0,0
19,12,1,10,2,2,0,1,68,448,88,70,10,29,1,2,0,0,0
19,12,1,11,2,2,0,1,88,468,108,72,11,30,1,2,0,0,0
19,12,1,12,2,2,0,1,108,488,128,74,12,31,1,2,0,0,0
19,12,1,13,2,2,0,1,128,508,148,76,13,32,1,2,0,0,0
19,12,1,14,2,2,0,1,148,528,168,78,14,33,1,2,0,0,0
19,12,1,15,2,2,0,1,168,548,188,80,15,34,1,2,0,0,0
19,12,1,16,2,2,0,1,188,568,208,82,16,35,1,2,0,0,0
19,12,1,17,2,2,0,1,208,588,228,84,17,36,1,2,0,0,0
19,12,1,18,2,2,0,1,228,608,32,86,18,37,0,2,0,0,0
19,12,2,9,1,1,0,1,68,448,88,106,28,47,0,1,0,0,0
19,12,2,10,2,2,0,1,88,468,108,108,29,48,0,2,0,0,0
19,12,2,11,2,2,0,1,108,488,128,110,30,49,1,2,0,0,0
19,12,2,12,2,2,0,1,128,508,148,112,31,50,1,2,0,0,0
19,12,2,13,2,2,0,1,148,528,168,114,32,51,1,2,0,0,0
19,12,2,14,2,2,0,1,168,548,188,116,33,52,1,2,0,0,0
19,12,2,15,2,2,0,1,188,568,208,118,34,53,1,2,0,0,0
19,12,2,16,2,2,0,1,208,588,228,120,35,54,1,2,0,0,0
19,12,2,17,2,2,0,1,228,608,32,122,36,55,0,2,0,0,0
19,12,2,18,1,1,0,1,32,412,52,124,37,56,0,1,0,0,0
19,12,3,9,1,1,0,1,88,468,108,144,47,66,0,1,0,0,0
19,12,3,10,1,1,0,1,108,488,128,146,48,67,0,1,0,1,0
19,12,3,11,2,2,0,1,128,508,148,148,49,68,0,2,0,0,0
19,12,3,12,2,2,0,1,148,528,168,150,50,69,1,2,0,0,0
19,12,3,13,2,2,0,1,168,548,188,152,51,70,1,2,0,0,0
19,12,3,14,2,2,0,1,188,568,208,154,52,71,1,2,0,0,0
19,12,3,15,2,2,0,1,208,588,228,156,53,72,1,2,0,0,0
19,12,3,16,2,2,0,1,228,608,32,158,54,73,0,2,0,0,0
19,12,3,17,1,1,0,1,32,412,52,160,55,74,0,1,0,1,0
19,12,3,18,1,1,0,1,52,432,72,162,56,75,0,1,0,0,0
19,12,4,9,1,1,0,1,108,488,128,182,66,85,0,1,0,0,0
19,12,4,10,1,1,1,1,128,508,148,184,67,86,0,1,0,0,0
19,12,4,11,1,1,0,1,148,528,168,186,68,87,0,1,0,0,0
19,12,4,12,2,2,0,1,168,548,188,188,69,88,0,2,0,0,0
19,12,4,13,2,2,0,1,188,568,208,190,70,89,1,2,0,0,0
19,12,4,14,2,2,0,1,208,588,228,192,71,90,1,2,0,0,0
19,12,4,15,2,2,0,1,228,608,32,194,72,91,0,2,0,0,0
19,12,4,16,1,1,0,1,32,412,52,196,73,92,0,1,0,0,0
19,12,4,17,1,1,1,1,52,432,72,198,74,93,0,1,0,0,0
19,12,4,18,1,1,0,1,72,452,92,200,75,94,0,1,0,0,0
19,12,5,9,1,1,0,1,128,508,148,220,85,104,0,1,0,0,0
19,12,5,10,1,1,0,1,148,528,168,222,86,105,0,1,0,0,0
19,12,5,11,1,1,0,1,168,548,188,224,87,106,0,1,0,0,0
19,12,5,12,1,1,0,1,188,568,208,226,88,107,0,1,0,0,0
19,12,5,13,2,2,0,1,208,588,228,228,89,108,0,2,0,0,0
19,12,5,14,2,2,0,1,228,608,32,230,90,109,0,2,0,0,0
19,12,5,15,1,1,0,1,32,412,52,232,91,110,0,1,0,0,0
19,12,5,16,1,1,0,1,52,432,72,234,92,111,0,1,0,0,0
19,12,5,17,1,1,0,1,72,452,92,236,93,112,0,1,0,0,0
19,12,5,18,1,1,0,1,92,472,112,238,94,113,0,1,0,0,0
19,12,6,9,1,1,0,1,148,528,168,258,104,123,0,1,0,0,0
19,12,6,10,1,1,0,1,168,548,188,260,105,124,0,1,0,0,0
19,12,6,11,1,1,0,1,188,568,208,262,106,125,0,1,0,0,0
19,12,6,12,1,1,0,1,208,588,228,264,107,126,0,1,0,0,0
19,12,6,13,1,1,0,1,228,608,32,266,108,127,0,1,0,0,0
19,12,6,14,1,1,0,1,32,412,52,268,109,128,0,1,0,0,0
19,12,6,15,1,1,0,1,52,432,72,270,110,129,0,1,0,0,0
19,12,6,16,1,1,0,1,72,452,92,272,111,130,0,1,0,0,0
19,12,6,17,1,1,0,1,92,472,112,274,112,131,0,1,0,0,0
19,12,6,18,1,1,0,1,112,492,132,276,113,132,0,1,0,0,0
19,12,7,9,1,1,0,1,168,548,188,296,123,142,0,1,0,0,0
19,12,7,10,1,1,0,1,188,568,208,298,124,143,0,1,0,0,0
19,12,7,11,1,1,0,1,208,588,228,300,125,144,0,1,0,0,0
19,12,7,12,1,1,0,1,228,608,32,302,126,145,0,1,0,0,0
19,12,7,13,1,1,0,1,32,412,52,304,127,146,0,1,0,0,0
19,12,7,14,1,1,0,1,52,432,72,306,128,147,0,1,0,0,0
19,12,7,15,1,1,0,1,72,452,92,308,129,148,0,1,0,0,0
19,12,7,16,1,1,0,1,92,472,112,310,130,149,0,1,0,0,0
19,12,7,17,1,1,0,1,112,492,132,312,131,150,0,1,0,0,0
19,12,7,18,1,1,0,1,132,512,152,314,132,151,0,1,0,0,0
19,12,8,9,1,1,0,1,188,568,208,334,142,161,0,1,0,0,0
19,12,8,10,1,1,0,1,208,588,228,336,143,162,0,1,0,0,0
19,12,8,11,1,1,0,1,228,608,32,338,144,163,0,1,0,1,0
19,12,8,12,1,1,0,1,32,412,52,340,145,164,0,1,0,0,0
19,12,8,13,1,1,0,1,52,432,72,342,146,165,0,1,0,0,0
19,12,8,14,1,1,0,1,72,452,92,344,147,166,0,1,0,0,0
19,12,8,15,1,1,0,1,92,472,112,346,148,167,0,1,0,0,0
19,12,8,16,1,1,0,1,112,492,132,348,149,168,0,1,0,1,0
19,12,8,17,1,1,0,1,132,512,152,350,150,169,0,1,0,0,0
19,12,8,18,1,1,0,1,152,532,28,352,151,170,0,1,0,0,0
19,12,9,9,1,1,0,1,208,588,228,372,161,180,0,1,0,0,0
19,12,9,10,1,1,0,1,228,608,32,374,162,181,-1,1,0,0,0
19,12,9,11,1,1,1,1,32,412,52,376,163,182,0,1,0,0,0
19,12,9,12,1,1,0,1,52,432,72,378,164,183,0,1,0,0,0
19,12,9,13,1,1,0,1,72,452,92,380,165,184,0,1,0,0,0
19,12,9,14,1,1,0,1,92,472,112,382,166,185,0,1,0,0,0
19,12,9,15,1,1,0,1,112,492,132,384,167,186,0,1,0,0,0
19,12,9,16,1,1,1,1,132,512,152,386,168,187,0,1,0,0,0
19,12,9,17,1,1,0,1,152,532,28,388,169,188,-1,1,0,0,0
19,12,9,18,1,1,0,1,28,408,48,390,170,189,-1,1,0,0,0
19,12,10,9,1,1,0,1,228,608,32,410,180,199,-1,1,0,0,0
19,12,10,10,0,0,0,1,32,412,52,412,181,200,-1,0,0,0,0
19,12,10,11,1,1,0,1,52,432,72,414,182,201,-1,1,0,0,0
19,12,10,12,1,1,0,1,72,452,92,416,183,202,0,1,0,0,0
19,12,10,13,1,1,0,1,92,472,112,418,184,203,0,1,0,0,0
19,12,10,14,1,1,0,1,112,492,132,420,185,204,0,1,0,0,0
19,12,10,15,1,1,0,1,132,512,152,422,186,205,0,1,0,0,0
19,12,10,16,1,1,0,1,152,532,28,424,187,206,-1,1,0,0,0
19,12,10,17,0,0,0,1,28,408,48,426,188,207,-1,0,0,0,0
19,12,10,18,0,0,0,1,48,428,68,428,189,208,-1,0,0,0,0
19,12,11,9,0,0,0,1,32,412,52,448,199,218,-1,0,0,0,0
19,12,11,10,0,0,0,1,52,432,72,450,200,219,-1,0,0,0,0
19,12,11,11,0,0,0,1,72,452,92,452,201,220,-1,0,0,0,0
19,12,11,12,1,1,0,1,92,472,112,454,202,221,-1,1,0,0,0
19,12,11,13,1,1,0,1,112,492,132,456,203,222,0,1,0,0,0
19,12,11,14,1,1,0,1,132,512,152,458,204,223,0,1,0,0,0
19,12,11,15,1,1,0,1,152,532,28,460,205,224,-1,1,0,0,0
19,12,11,16,0,0,0,1,28,408,48,462,206,225,-1,0,0,0,0
19,12,11,17,0,0,0,1,48,428,68,464,207,226,-1,0,0,0,0
19,12,11,18,0,0,0,1,68,448,88,466,208,227,-1,0,0,0,0
19,12,12,9,0,0,0,1,52,432,72,486,218,237,-1,0,0,0,0
19,12,12,10,0,0,0,1,72,452,92,488,219,238,-1,0,0,0,0
19,12,12,11,0,0,0,1,92,472,112,490,220,239,-1,0,0,0,0
19,12,12,12,0,0,0,1,112,492,132,492,221,240,-1,0,0,0,0
19,12,12,13,1,1,0,1,132,512,152,494,222,241,-1,1,0,0,0
19,12,12,14,1,1,0,1,152,532,28,496,223,242,-1,1,0,0,0
19,12,12,15,0,0,0,1,28,408,48,498,224,243,-1,0,0,0,0
19,12,12,16,0,0,0,1,48,428,68,500,225,244,-1,0,0,0,0
19,12,12,17,0,0,0,1,68,448,88,502,226,245,-1,0,0,0,0
19,12,12,18,0,0,0,1,88,468,108,504,227,246,-1,0,0,0,0
19,12,13,9,0,0,0,1,72,452,92,524,237,256,-1,0,0,0,0
19,12,13,10,0,0,0,1,92,472,112,526,238,257,-1,0,0,1,0
19,12,13,11,0,0,0,1,112,492,132,528,239,258,-1,0,0,0,0
19,12,13,12,0,0,0,1,132,512,152,530,240,259,-1,0,0,0,0
19,12,13,13,0,0,0,1,152,532,28,532,241,260,-1,0,0,0,0
19,12,13,14,0,0,0,1,28,408,48,534,242,261,-1,0,0,0,0
19,12,13,15,0,0,0,1,48,428,68,536,243,262,-1,0,0,0,0
19,12,13,16,0,0,0,1,68,448,88,538,244,263,-1,0,0,0,0
19,12,13,17,0,0,0,1,88,468,108,540,245,264,-1,0,0,1,0
19,12,13,18,0,0,0,1,108,488,128,542,246,265,-1,0,0,0,0
19,12,14,9,0,0,0,1,92,472,112,562,256,275,-1,0,0,0,0
19,12,14,10,0,0,1,1,112,492,132,564,257,276,-1,0,0,0,0
19,12,14,11,0,0,0,1,132,512,152,566,258,277,-1,0,0,0,0
19,12,14,12,0,0,0,1,152,532,28,568,259,278,-1,0,0,0,0
19,12,14,13,0,0,0,1,28,408,48,570,260,279,-1,0,0,0,0
19,12,14,14,0,0,0,1,48,428,68,572,261,280,-1,0,0,0,0
19,12,14,15,0,0,0,1,68,448,88,574,262,281,-1,0,0,0,0
19,12,14,16,0,0,0,1,88,468,108,576,263,282,-1,0,0,0,0
19,12,14,17,0,0,1,1,108,488,128,578,264,283,-1,0,0,0,0
19,12,14,18,0,0,0,1,128,508,148,580,265,284,-1,0,0,0,0
19,12,15,9,0,0,0,1,112,492,132,600,275,294,-1,0,0,0,0
19,12,15,10,0,0,0,1,132,512,152,602,276,295,-1,0,0,0,0
19,12,15,11,0,0,0,1,152,532,28,604,277,296,-1,0,0,0,0
19,12,15,12,0,0,0,1,28,408,48,606,278,297,-1,0,0,0,0
19,12,15,13,0,0,0,1,48,428,68,608,279,298,-1,0,0,0,0
19,12,15,14,0,0,0,1,68,448,88,610,280,299,-1,0,0,0,0
19,12,15,15,0,0,0,1,88,468,108,612,281,300,-1,0,0,0,0
19,12,15,16,0,0,0,1,108,488,128,614,282,301,-1,0,0,0,0
19,12,15,17,0,0,0,1,128,508,148,616,283,302,-1,0,0,0,0
19,12,15,18,0,0,0,1,148,528,168,618,284,303,-1,0,0,0,0
19,12,16,9,0,0,0,1,132,512,152,638,294,313,-1,0,0,0,0
19,12,16,10,0,0,0,1,152,532,28,640,295,314,-1,0,0,0,0
19,12,16,11,0,0,0,1,28,408,48,642,296,315,-1,0,0,0,0
19,12,16,12,0,0,0,1,48,428,68,644,297,316,-1,0,0,0,0
19,12,16,13,0,0,0,1,68,448,88,646,298,317,-1,0,0,0,0
19,12,16,14,0,0,0,1,88,468,108,648,299,318,-1,0,0,0,0
19,12,16,15,0,0,0,1,108,488,128,650,300,319,-1,0,0,0,0
19,12,16,16,0,0,0,1,128,508,148,652,301,320,-1,0,0,0,0
19,12,16,17,0,0,0,1,148,528,168,654,302,321,-1,0,0,0,0
19,12,16,18,0,0,0,1,168,548,188,656,303,322,-1,0,0,0,0
19,12,17,9,0,0,0,1,152,532,28,676,313,332,-1,0,0,0,0
19,12,17,10,0,0,0,1,28,408,48,678,314,333,-1,0,0,0,0
19,12,17,11,0,0,0,1,48,428,68,680,315,334,-1,0,0,0,0
19,12,17,12,0,0,0,1,68,448,88,682,316,335,-1,0,0,0,0
19,12,17,13,0,0,0,1,88,468,108,684,317,336,-1,0,0,0,0
19,12,17,14,0,0,0,1,108,488,128,686,318,337,-1,0,0,0,0
19,12,17,15,0,0,0,1,128,508,148,688,319,338,-1,0,0,0,0
19,12,17,16,0,0,0,1,148,528,168,690,320,339,-1,0,0,0,0
19,12,17,17,0,0,0,1,168,548,188,692,321,340,-1,0,0,0,0
19,12,17,18,0,0,0,1,188,568,208,694,322,341,-1,0,0,0,0
19,16,1,5,2,2,0,1,44,424,64,64,5,24,0,2,0,0,0
19,16,1,6,2,2,0,1,64,444,84,66,6,25,1,2,0,0,0
19,16,1,7,1,2,1,1,84,464,104,68,7,26,1,1,0,0,0
19,16,1,8,2,2,0,1,104,484,124,70,8,27,1,2,0,0,0
19,16,1,9,2,2,0,1,124,504,144,72,9,28,1,2,0,0,0
19,16,1,10,2,2,0,1,144,524,164,74,10,29,1,2,0,0,0
19,16,1,11,2,2,0,1,164,544,184,76,11,30,1,2,0,0,0
19,16,1,12,2,2,0,1,184,564,204,78,12,31,1,2,0,0,0
19,16,1,13,2,2,0,1,204,584,224,80,13,32,1,2,0,0,0
19,16,1,14,2,2,0,1,224,604,244,82,14,33,1,2,0,0,0
19,16,1,15,2,2,0,1,244,624,264,84,15,34,1,2,0,0,0
19,16,1,16,1,2,1,1,264,644,284,86,16,35,1,1,0,0,0
19,16,1,17,2,2,0,1,284,664,304,88,17,36,1,2,0,0,0
19,16,1,18,2,2,0,1,304,684,36,90,18,37,0,2,0,0,0
19,16,2,5,1,1,0,1,64,444,84,102,24,43,0,1,0,0,0
19,16,2,6,2,2,0,1,84,464,104,104,25,44,0,2,0,1,0
19,16,2,7,2,2,0,1,104,484,124,106,26,45,1,2,0,0,0
19,16,2,8,2,2,0,1,124,504,144,108,27,46,1,2,0,0,0
19,16,2,9,2,2,0,1,144,524,164,110,28,47,1,2,0,0,0
19,16,2,10,2,2,0,1,164,544,184,112,29,48,1,2,0,0,0
19,16,2,11,2,2,0,1,184,564,204,114,30,49,1,2,0,0,0
19,16,2,12,2,2,0,1,204,584,224,116,31,50,1,2,0,0,0
19,16,2,13,2,2,0,1,224,604,244,118,32,51,1,2,0,0,0
19,16,2,14,2,2,0,1,244,624,264,120,33,52,1,2,0,0,0
19,16,2,15,2,2,0,1,264,644,284,122,34,53,1,2,0,0,0
19,16,2,16,2,2,0,1,284,664,304,124,35,54,1,2,0,0,0
19,16,2,17,2,2,0,1,304,684,36,126,36,55,0,2,0,1,0
19,16,2,18,1,1,0,1,36,416,56,128,37,56,0,1,0,0,0
19,16,3,5,1,1,0,1,84,464,104,140,43,62,0,1,0,0,0
19,16,3,6,1,1,1,1,104,484,124,142,44,63,0,1,0,0,0
19,16,3,7,2,2,0,1,124,504,144,144,45,64,0,2,0,0,0
19,16,3,8,2,2,0,1,144,524,164,146,46,65,1,2,0,0,0
19,16,3,9,2,2,0,1,164,544,184,148,47,66,1,2,0,0,0
19,16,3,10,2,2,0,1,184,564,204,150,48,67,1,2,0,0,0
19,16,3,11,2,2,0,1,204,584,224,152,49,68,1,2,0,1,0
19,16,3,12,2,2,0,1,224,604,244,154,50,69,1,2,0,1,0
19,16,3,13,2,2,0,1,244,624,264,156,51,70,1,2,0,0,0
19,16,3,14,2,2,0,1,264,644,284,158,52,71,1,2,0,0,0
19,16,3,15,2,2,0,1,284,664,304,160,53,72,1,2,0,0,0
19,16,3,16,2,2,0,1,304,684,36,162,54,73,0,2,0,0,0
19,16,3,17,1,1,1,1,36,416,56,164,55,74,0,1,0,0,0
19,16,3,18,1,1,0,1,56,436,76,166,56,75,0,1,0,0,0
19,16,4,5,1,1,0,1,104,484,124,178,62,81,0,1,0,0,0
19,16,4,6,1,1,0,1,124,504,144,180,63,82,0,1,0,0,0
19,16,4,7,1,1,0,1,144,524,164,182,64,83,0,1,0,0,0
19,16,4,8,2,2,0,1,164,544,184,184,65,84,0,2,0,0,0
19,16,4,9,2,2,0,1,184,564,204,186,66,85,1,2,0,0,0
19,16,4,10,2,2,0,1,204,584,224,188,67,86,1,2,0,0,0
19,16,4,11,1,2,1,1,224,604,244,190,68,87,1,1,0,0,0
19,16,4,12,1,2,1,1,244,624,264,192,69,88,1,1,0,0,0
19,16,4,13,2,2,0,1,264,644,284,194,70,89,1,2,0,0,0
19,16,4,14,2,2,0,1,284,664,304,196,71,90,1,2,0,0,0
19,16,4,15,2,2,0,1,304,684,36,198,72,91,0,2,0,0,0
19,16,4,16,1,1,0,1,36,416,56,200,73,92,0,1,0,0,0
19,16,4,17,1,1,0,1,56,436,76,202,74,93,0,1,0,0,0
19,16,4,18,1,1,0,1,76,456,24,204,75,94,0,1,0,0,0
19,16,5,5,1,1,0,1,124,504,144,216,81,100,0,1,0,0,0
19,16,5,6,1,1,0,1,144,524,164,218,82,101,0,1,0,0,0
19,16,5,7,1,1,0,1,164,544,184,220,83,102,0,1,0,0,0
19,16,5,8,1,1,0,1,184,564,204,222,84,103,0,1,0,0,0
19,16,5,9,2,2,0,1,204,584,224,224,85,104,0,2,0,0,0
19,16,5,10,2,2,0,1,224,604,244,226,86,105,1,2,0,0,0
19,16,5,11,2,2,0,1,244,624,264,228,87,106,1,2,0,0,0
19,16,5,12,2,2,0,1,264,644,284,230,88,107,1,2,0,0,0
19,16,5,13,2,2,0,1,284,664,304,232,89,108,1,2,0,0,0
19,16,5,14,2,2,0,1,304,684,36,234,90,109,0,2,0,0,0
19,16,5,15,1,1,0,1,36,416,56,236,91,110,0,1,0,0,0
19,16,5,16,1,1,0,1,56,436,76,238,92,111,0,1,0,0,0
19,16,5,17,1,1,0,1,76,456,24,240,93,112,0,1,0,0,0
19,16,5,18,1,1,0,1,24,404,44,242,94,113,0,1,0,0,0
19,16,6,5,1,1,0,1,144,524,164,254,100,119,0,1,0,0,0
19,16,6,6,1,1,0,1,164,544,184,256,101,120,0,1,0,0,0
19,16,6,7,1,1,0,1,184,564,204,258,102,121,0,1,0,0,0
19,16,6,8,1,1,0,1,204,584,224,260,103,122,0,1,0,0,0
19,16,6,9,1,1,0,1,224,604,244,262,104,123,0,1,0,0,0
19,16,6,10,2,2,0,1,244,624,264,264,105,124,0,2,0,0,0
19,16,6,11,2,2,0,1,264,644,284,266,106,125,1,2,0,0,0
19,16,6,12,2,2,0,1,284,664,304,268,107,126,1,2,0,0,0
19,16,6,13,2,2,0,1,304,684,36,270,108,127,0,2,0,0,0
19,16,6,14,1,1,0,1,36,416,56,272,109,128,0,1,0,0,0
19,16,6,15,1,1,0,1,56,436,76,274,110,129,0,1,0,0,0
19,16,6,16,1,1,0,1,76,456,24,276,111,130,0,1,0,0,0
19,16,6,17,1,1,0,1,24,404,44,278,112,131,0,1,0,0,0
19,16,6,18,1,1,0,1,44,424,64,280,113,132,0,1,0,0,0
19,16,7,5,1,1,0,1,164,544,184,292,119,138,0,1,0,0,0
19,16,7,6,1,1,0,1,184,564,204,294,120,139,0,1,0,0,0
19,16,7,7,1,1,0,1,204,584,224,296,121,140,0,1,0,0,0
19,16,7,8,1,1,0,1,224,604,244,298,122,141,0,1,0,0,0
19,16,7,9,1,1,0,1,244,624,264,300,123,142,0,1,0,0,0
19,16,7,10,1,1,0,1,264,644,284,302,124,143,0,1,0,0,0
19,16,7,11,2,2,0,1,284,664,304,304,125,144,0,2,0,0,0
19,16,7,12,2,2,0,1,304,684,36,306,126,145,0,2,0,0,0
19,16,7,13,1,1,0,1,36,416,56,308,127,146,0,1,0,0,0
19,16,7,14,1,1,0,1,56,436,76,310,128,147,0,1,0,0,0
19,16,7,15,1,1,0,1,76,456,24,312,129,148,0,1,0,0,0
19,16,7,16,1,1,0,1,24,404,44,314,130,149,0,1,0,0,0
19,16,7,17,1,1,0,1,44,424,64,316,131,150,0,1,0,0,0
19,16,7,18,1,1,0,1,64,444,84,318,132,151,0,1,0,0,0
19,16,8,5,1,1,0,1,184,564,204,330,138,157,0,1,0,0,0
19,16,8,6,1,1,0,1,204,584,224,332,139,158,0,1,0,0,0
19,16,8,7,1,1,0,1,224,604,244,334,140,159,0,1,0,0,0
19,16,8,8,1,1,0,1,244,624,264,336,141,160,0,1,0,0,0
19,16,8,9,1,1,0,1,264,644,284,338,142,161,0,1,0,0,0
19,16,8,10,1,1,0,1,284,664,304,340,143,162,0,1,0,0,0
19,16,8,11,1,1,0,1,304,684,36,342,144,163,0,1,0,0,0
19,16,8,12,1,1,0,1,36,416,56,344,145,164,0,1,0,0,0
19,16,8,13,1,1,0,1,56,436,76,346,146,165,0,1,0,0,0
19,16,8,14,1,1,0,1,76,456,24,348,147,166,0,1,0,0,0
19,16,8,15,1,1,0,1,24,404,44,350,148,167,0,1,0,0,0
19,16,8,16,1,1,0,1,44,424,64,352,149,168,0,1,0,0,0
19,16,8,17,1,1,0,1,64,444,84,354,150,169,0,1,0,0,0
19,16,8,18,1,1,0,1,84,464,104,356,151,170,0,1,0,0,0
19,16,9,5,1,1,0,1,204,584,224,368,157,176,0,1,0,0,0
19,16,9,6,1,1,0,1,224,604,244,370,158,177,0,1,0,0,0
19,16,9,7,1,1,0,1,244,624,264,372,159,178,0,1,0,0,0
19,16,9,8,1,1,0,1,264,644,284,374,160,179,0,1,0,0,0
19,16,9,9,1,1,0,1,284,664,304,376,161,180,0,1,0,0,0
19,16,9,10,1,1,0,1,304,684,36,378,162,181,-1,1,0,0,0
19,16,9,11,1,1,0,1,36,416,56,380,163,182,0,1,0,0,0
19,16,9,12,1,1,0,1,56,436,76,382,164,183,0,1,0,0,0
19,16,9,13,1,1,0,1,76,456,24,384,165,184,-1,1,0,0,0
19,16,9,14,1,1,0,1,24,404,44,386,166,185,-1,1,0,0,0
19,16,9,15,1,1,0,1,44,424,64,388,167,186,0,1,0,0,0
19,16,9,16,1,1,0,1,64,444,84,390,168,187,0,1,0,0,0
19,16,9,17,1,1,0,1,84,464,104,392,169,188,0,1,0,0,0
19,16,9,18,1,1,0,1,104,484,124,394,170,189,0,1,0,0,0
19,16,10,5,1,1,0,1,224,604,244,406,176,195,0,1,0,0,0
19,16,10,6,1,1,0,1,244,624,264,408,177,196,0,1,0,0,0
19,16,10,7,1,1,0,1,264,644,284,410,178,197,0,1,0,0,0
19,16,10,8,1,1,0,1,284,664,304,412,179,198,0,1,0,0,0
19,16,10,9,1,1,0,1,304,684,36,414,180,199,-1,1,0,0,0
19,16,10,10,0,0,0,1,36,416,56,416,181,200,-1,0,0,0,0
19,16,10,11,1,1,0,1,56,436,76,418,182,201,-1,1,0,0,0
19,16,10,12,1,1,0,1,76,456,24,420,183,202,-1,1,0,0,0
19,16,10,13,0,0,0,1,24,404,44,422,184,203,-1,0,0,0,0
19,16,10,14,0,0,0,1,44,424,64,424,185,204,-1,0,0,0,0
19,16,10,15,1,1,0,1,64,444,84,426,186,205,-1,1,0,0,0
19,16,10,16,1,1,0,1,84,464,104,428,187,206,0,1,0,0,0
19,16,10,17,1,1,0,1,104,484,124,430,188,207,0,1,0,0,0
19,16,10,18,1,1,0,1,124,504,144,432,189,208,0,1,0,0,0
19,16,11,5,1,1,0,1,244,624,264,444,195,214,0,1,0,0,0
19,16,11,6,1,1,0,1,264,644,284,446,196,215,0,1,0,0,0
19,16,11,7,1,1,0,1,284,664,304,448,197,216,0,1,0,0,0
19,16,11,8,1,1,0,1,304,684,36,450,198,217,-1,1,0,0,0
19,16,11,9,0,0,0,1,36,416,56,452,199,218,-1,0,0,0,0
19,16,11,10,0,0,0,1,56,436,76,454,200,219,-1,0,0,0,0
19,16,11,11,0,0,0,1,76,456,24,456,201,220,-1,0,0,0,0
19,16,11,12,0,0,0,1,24,404,44,458,202,221,-1,0,0,0,0
19,16,11,13,0,0,0,1,44,424,64,460,203,222,-1,0,0,0,0
19,16,11,14,0,0,0,1,64,444,84,462,204,223,-1,0,0,0,0
19,16,11,15,0,0,0,1,84,464,104,464,205,224,-1,0,0,0,0
19,16,11,16,1,1,0,1,104,484,124,466,206,225,-1,1,0,0,0
19,16,11,17,1,1,0,1,124,504,144,468,207,226,0,1,0,0,0
19,16,11,18,1,1,0,1,144,524,164,470,208,227,0,1,0,0,0
19,16,12,5,1,1,0,1,264,644,284,482,214,233,0,1,0,0,0
19,16,12,6,1,1,0,1,284,664,304,484,215,234,0,1,0,0,0
19,16,12,7,1,1,0,1,304,684,36,486,216,235,-1,1,0,0,0
19,16,12,8,0,0,0,1,36,416,56,488,217,236,-1,0,0,0,0
19,16,12,9,0,0,0,1,56,436,76,490,218,237,-1,0,0,0,0
19,16,12,10,0,0,0,1,76,456,24,492,219,238,-1,0,0,0,0
19,16,12,11,0,0,0,1,24,404,44,494,220,239,-1,0,0,0,0
19,16,12,12,0,0,0,1,44,424,64,496,221,240,-1,0,0,0,0
19,16,12,13,0,0,0,1,64,444,84,498,222,241,-1,0,0,0,0
19,16,12,14,0,0,0,1,84,464,104,500,223,242,-1,0,0,0,0
19,16,12,15,0,0,0,1,104,484,124,502,224,243,-1,0,0,0,0
19,16,12,16,0,0,0,1,124,504,144,504,225,244,-1,0,0,0,0
19,16,12,17,1,1,0,1,144,524,164,506,226,245,-1,1,0,0,0
19,16,12,18,1,1,0,1,164,544,184,508,227,246,0,1,0,0,0
19,16,13,5,1,1,0,1,284,664,304,520,233,252,0,1,0,0,0
19,16,13,6,1,1,0,1,304,684,36,522,234,253,-1,1,0,0,0
19,16,13,7,0,0,0,1,36,416,56,524,235,254,-1,0,0,0,0
19,16,13,8,0,0,0,1,56,436,76,526,236,255,-1,0,0,0,0
19,16,13,9,0,0,0,1,76,456,24,528,237,256,-1,0,0,0,0
19,16,13,10,0,0,0,1,24,404,44,530,238,257,-1,0,0,0,0
19,16,13,11,-1,0,0,1,44,424,64,532,239,258,-1,0,1,1,0
19,16,13,12,-1,0,0,1,64,444,84,534,240,259,-1,0,1,1,0
19,16,13,13,0,0,0,1,84,464,104,536,241,260,-1,0,0,0,0
19,16,13,14,0,0,0,1,104,484,124,538,242,261,-1,0,0,0,0
19,16,13,15,0,0,0,1,124,504,144,540,243,262,-1,0,0,0,0
19,16,13,16,0,0,0,1,144,524,164,542,244,263,-1,0,0,0,0
19,16,13,17,0,0,0,1,164,544,184,544,245,264,-1,0,0,0,0
19,16,13,18,1,1,0,1,184,564,204,546,246,265,-1,1,0,0,0
19,16,14,5,1,1,0,1,304,684,36,558,252,271,-1,1,0,0,0
19,16,14,6,0,0,0,1,36,416,56,560,253,272,-1,0,0,1,0
19,16,14,7,0,0,0,1,56,436,76,562,254,273,-1,0,0,0,0
19,16,14,8,0,0,0,1,76,456,24,564,255,274,-1,0,0,0,0
19,16,14,9,0,0,0,1,24,404,44,566,256,275,-1,0,0,0,0
19,16,14,10,0,0,0,1,44,424,64,568,257,276,-1,0,0,0,0
19,16,14,11,0,0,1,1,64,444,84,570,258,277,-1,0,0,0,0
19,16,14,12,0,0,1,1,84,464,104,572,259,278,-1,0,0,0,0
19,16,14,13,0,0,0,1,104,484,124,574,260,279,-1,0,0,0,0
19,16,14,14,0,0,0,1,124,504,144,576,261,280,-1,0,0,0,0
19,16,14,15,0,0,0,1,144,524,164,578,262,281,-1,0,0,0,0
19,16,14,16,0,0,0,1,164,544,184,580,263,282,-1,0,0,0,0
19,16,14,17,0,0,0,1,184,564,204,582,264,283,-1,0,0,1,0
19,16,14,18,0,0,0,1,204,584,224,584,265,284,-1,0,0,0,0
19,16,15,5,0,0,0,1,36,416,56,596,271,290,-1,0,0,0,0
19,16,15,6,0,0,1,1,56,436,76,598,272,291,-1,0,0,0,0
19,16,15,7,0,0,0,1,76,456,24,600,273,292,-1,0,0,0,0
19,16,15,8,0,0,0,1,24,404,44,602,274,293,-1,0,0,0,0
19,16,15,9,0,0,0,1,44,424,64,604,275,294,-1,0,0,0,0
19,16,15,10,0,0,0,1,64,444,84,606,276,295,-1,0,0,0,0
19,16,15,11,0,0,0,1,84,464,104,608,277,296,-1,0,0,0,0
19,16,15,12,0,0,0,1,104,484,124,610,278,297,-1,0,0,0,0
19,16,15,13,0,0,0,1,124,504,144,612,279,298,-1,0,0,0,0
19,16,15,14,0,0,0,1,144,524,164,614,280,299,-1,0,0,0,0
19,16,15,15,0,0,0,1,164,544,184,616,281,300,-1,0,0,0,0
19,16,15,16,0,0,0,1,184,564,204,618,282,301,-1,0,0,0,0
19,16,15,17,0,0,1,1,204,584,224,620,283,302,-1,0,0,0,0
19,16,15,18,0,0,0,1,224,604,244,622,284,303,-1,0,0,0,0
19,16,16,5,0,0,0,1,56,436,76,634,290,309,-1,0,0,0,0
19,16,16,6,0,0,0,1,76,456,24,636,291,310,-1,0,0,0,0
19,16,16,7,-1,0,0,1,24,404,44,638,292,311,-1,0,1,1,0
19,16,16,8,0,0,0,1,44,424,64,640,293,312,-1,0,0,0,0
19,16,16,9,0,0,0,1,64,444,84,642,294,313,-1,0,0,0,0
19,16,16,10,0,0,0,1,84,464,104,644,295,314,-1,0,0,0,0
19,16,16,11,0,0,0,1,104,484,124,646,296,315,-1,0,0,0,0
19,16,16,12,0,0,0,1,124,504,144,648,297,316,-1,0,0,0,0
19,16,16,13,0,0,0,1,144,524,164,650,298,317,-1,0,0,0,0
19,16,16,14,0,0,0,1,164,544,184,652,299,318,-1,0,0,0,0
19,16,16,15,0,0,0,1,184,564,204,654,300,319,-1,0,0,0,0
19,16,16,16,-1,0,0,1,204,584,224,656,301,320,-1,0,1,1,0
19,16,16,17,0,0,0,1,224,604,244,658,302,321,-1,0,0,0,0
19,16,16,18,0,0,0,1,244,624,264,660,303,322,-1,0,0,0,0
19,16,17,5,0,0,0,1,76,456,24,672,309,328,-1,0,0,0,0
19,16,17,6,0,0,0,1,24,404,44,674,310,329,-1,0,0,0,0
19,16,17,7,0,0,1,1,44,424,64,676,311,330,-1,0,0,0,0
19,16,17,8,0,0,0,1,64,444,84,678,312,331,-1,0,0,0,0
19,16,17,9,0,0,0,1,84,464,104,680,313,332,-1,0,0,0,0
19,16,17,10,0,0,0,1,104,484,124,682,314,333,-1,0,0,0,0
19,16,17,11,0,0,0,1,124,504,144,684,315,334,-1,0,0,0,0
19,16,17,12,0,0,0,1,144,524,164,686,316,335,-1,0,0,0,0
19,16,17,13,0,0,0,1,164,544,184,688,317,336,-1,0,0,0,0
19,16,17,14,0,0,0,1,184,564,204,690,318,337,-1,0,0,0,0
19,16,17,15,0,0,0,1,204,584,224,692,319,338,-1,0,0,0,0
19,16,17,16,0,0,1,1,224,604,244,694,320,339,-1,0,0,0,0
19,16,17,17,0,0,0,1,244,624,264,696,321,340,-1,0,0,0,0
19,16,17,18,0,0,0,1,264,644,284,698,322,341,-1,0,0,0,0
23,12,1,13,2,2,0,1,60,612,84,84,13,36,0,2,0,0,0
23,12,1,14,2,2,0,1,84,636,108,86,14,37,1,2,0,0,0
23,12,1,15,2,2,0,1,108,660,132,88,15,38,1,2,0,0,0
23,12,1,16,2,2,0,1,132,684,156,90,16,39,1,2,0,0,0
23,12,1,17,2,2,0,1,156,708,180,92,17,40,1,2,0,0,0
23,12,1,18,2,2,0,1,180,732,204,94,18,41,1,2,0,0,0
23,12,1,19,2,2,0,1,204,756,228,96,19,42,1,2,0,0,0
23,12,1,20,2,2,0,1,228,780,252,98,20,43,1,2,0,0,0
23,12,1,21,2,2,0,1,252,804,276,100,21,44,1,2,0,0,0
23,12,1,22,2,2,0,1,276,828,36,102,22,45,0,2,0,0,0
23,12,2,13,1,1,0,1,84,636,108,130,36,59,0,1,0,0,0
23,12,2,14,2,2,0,1,108,660,132,132,37,60,0,2,0,0,0
23,12,2,15,2,2,0,1,132,684,156,134,38,61,1,2,0,0,0
23,12,2,16,2,2,0,1,156,708,180,136,39,62,1,2,0,0,0
23,12,2,17,2,2,0,1,180,732,204,138,40,63,1,2,0,0,0
23,12,2,18,2,2,0,1,204,756,228,140,41,64,1,2,0,0,0
23,12,2,19,2,2,0,1,228,780,252,142,42,65,1,2,0,0,0
23,12,2,20,2,2,0,1,252,804,276,144,43,66,1,2,0,0,0
23,12,2,21,2,2,0,1,276,828,36,146,44,67,0,2,0,0,0
23,12,2,22,1,1,0,1,36,588,60,148,45,68,0,1,0,0,0
23,12,3,13,1,1,0,1,108,660,132,176,59,82,0,1,0,0,0
23,12,3,14,1,1,0,1,132,684,156,178,60,83,0,1,0,0,0
23,12,3,15,2,2,0,1,156,708,180,180,61,84,0,2,0,0,0
23,12,3,16,2,2,0,1,180,732,204,182,62,85,1,2,0,0,0
23,12,3,17,2,2,0,1,204,756,228,184,63,86,1,2,0,0,0
23,12,3,18,2,2,0,1,228,780,252,186,64,87,1,2,0,0,0
23,12,3,19,2,2,0,1,252,804,276,188,65,88,1,2,0,0,0
23,12,3,20,2,2,0,1,276,828,36,190,66,89,0,2,0,0,0
23,12,3,21,1,1,0,1,36,588,60,192,67,90,0,1,0,0,0
23,12,3,22,1,1,0,1,60,612,84,194,68,91,0,1,0,0,0
23,12,4,13,1,1,0,1,132,684,156,222,82,105,0,1,0,0,0
23,12,4,14,1,1,0,1,156,708,180,224,83,106,0,1,0,0,0
23,12,4,15,1,1,0,1,180,732,204,226,84,107,0,1,0,0,0
23,12,4,16,2,2,0,1,204,756,228,228,85,108,0,2,0,0,0
23,12,4,17,2,2,0,1,228,780,252,230,86,109,1,2,0,0,0
23,12,4,18,2,2,0,1,252,804,276,232,87,110,1,2,0,0,0
23,12,4,19,2,2,0,1,276,828,36,234,88,111,0,2,0,0,0
23,12,4,20,1,1,0,1,36,588,60,236,89,112,0,1,0,0,0
23,12,4,21,1,1,0,1,60,612,84,238,90,113,0,1,0,0,0
23,12,4,22,1,1,0,1,84,636,108,240,91,114,0,1,0,0,0
23,12,5,13,1,1,0,1,156,708,180,268,105,128,0,1,0,0,0
23,12,5,14,1,1,0,1,180,732,204,270,106,129,0,1,0,0,0
23,12,5,15,1,1,0,1,204,756,228,272,107,130,0,1,0,0,0
23,12,5,16,1,1,0,1,228,780,252,274,108,131,0,1,0,0,0
23,12,5,17,2,2,0,1,252,804,276,276,109,132,0,2,0,0,0
23,12,5,18,2,2,0,1,276,828,36,278,110,133,0,2,0,0,0
23,12,5,19,1,1,0,1,36,588,60,280,111,134,0,1,0,0,0
23,12,5,20,1,1,0,1,60,612,84,282,112,135,0,1,0,0,0
23,12,5,21,1,1,0,1,84,636,108,284,113,136,0,1,0,0,0
23,12,5,22,1,1,0,1,108,660,132,286,114,137,0,1,0,0,0
23,12,6,13,1,1,0,1,180,732,204,314,128,151,0,1,0,0,0
23,12,6,14,1,1,0,1,204,756,228,316,129,152,0,1,0,0,0
23,12,6,15,1,1,0,1,228,780,252,318,130,153,0,1,0,0,0
23,12,6,16,1,1,0,1,252,804,276,320,131,154,0,1,0,0,0
23,12,6,17,1,1,0,1,276,828,36,322,132,155,0,1,0,0,0
23,12,6,18,1,1,0,1,36,588,60,324,133,156,0,1,0,0,0
23,12,6,19,1,1,0,1,60,612,84,326,134,157,0,1,0,0,0
23,12,6,20,1,1,0,1,84,636,108,328,135,158,0,1,0,0,0
23,12,6,21,1,1,0,1,108,660,132,330,136,159,0,1,0,0,0
23,12,6,22,1,1,0,1,132,684,156,332,137,160,0,1,0,0,0
23,12,7,13,1,1,0,1,204,756,228,360,151,174,0,1,0,0,0
23,12,7,14,1,1,0,1,228,780,252,362,152,175,0,1,0,0,0
23,12,7,15,1,1,0,1,252,804,276,364,153,176,0,1,0,0,0
23,12,7,16,1,1,0,1,276,828,36,366,154,177,0,1,0,0,0
23,12,7,17,1,1,0,1,36,588,60,368,155,178,0,1,0,0,0
23,12,7,18,1,1,0,1,60,612,84,370,156,179,0,1,0,0,0
23,12,7,19,0,1,0,1,84,636,108,372,157,180,0,1,1,0,0
23,12,7,20,1,1,0,1,108,660,132,374,158,181,0,1,0,0,0
23,12,7,21,1,1,0,1,132,684,156,376,159,182,0,1,0,0,0
23,12,7,22,1,1,0,1,156,708,180,378,160,183,0,1,0,0,0
23,12,8,13,1,1,0,1,228,780,252,406,174,197,0,1,0,0,0
23,12,8,14,1,1,0,1,252,804,276,408,175,198,0,1,0,0,0
23,12,8,15,1,1,0,1,276,828,36,410,176,199,0,1,0,0,0
23,12,8,16,1,1,0,1,36,588,60,412,177,200,0,1,0,0,0
23,12,8,17,1,1,0,1,60,612,84,414,178,201,0,1,0,0,0
23,12,8,18,1,1,0,1,84,636,108,416,179,202,0,1,0,0,0
23,12,8,19,1,1,0,1,108,660,132,418,180,203,0,1,0,0,0
23,12,8,20,1,1,0,1,132,684,156,420,181,204,0,1,0,0,0
23,12,8,21,1,1,0,1,156,708,180,422,182,205,0,1,0,0,0
23,12,8,22,1,1,0,1,180,732,204,424,183,206,0,1,0,0,0
23,12,9,13,1,1,0,1,252,804,276,452,197,220,0,1,0,0,0
23,12,9,14,1,1,0,1,276,828,36,454,198,221,0,1,0,0,0
23,12,9,15,1,1,0,1,36,588,60,456,199,222,0,1,0,0,0
23,12,9,16,1,1,0,1,60,612,84,458,200,223,0,1,0,1,0
23,12,9,17,1,1,0,1,84,636,108,460,201,224,0,1,0,0,0
23,12,9,18,1,1,0,1,108,660,132,462,202,225,0,1,0,0,0
23,12,9,19,1,1,0,1,132,684,156,464,203,226,0,1,0,1,0
23,12,9,20,1,1,0,1,156,708,180,466,204,227,0,1,0,0,0
23,12,9,21,1,1,0,1,180,732,204,468,205,228,0,1,0,0,0
23,12,9,22,1,1,0,1,204,756,228,470,206,229,0,1,0,0,0
23,12,10,13,1,1,0,1,276,828,36,498,220,243,0,1,0,0,0
23,12,10,14,1,1,0,1,36,588,60,500,221,244,0,1,0,0,0
23,12,10,15,1,1,0,1,60,612,84,502,222,245,0,1,0,0,0
23,12,10,16,1,1,1,1,84,636,108,504,223,246,0,1,0,0,0
23,12,10,17,1,1,0,1,108,660,132,506,224,247,0,1,0,0,0
23,12,10,18,1,1,0,1,132,684,156,508,225,248,0,1,0,0,0
23,12,10,19,1,1,1,1,156,708,180,510,226,249,0,1,0,0,0
23,12,10,20,1,1,0,1,180,732,204,512,227,250,0,1,0,0,0
23,12,10,21,1,1,0,1,204,756,228,514,228,251,0,1,0,0,0
23,12,10,22,1,1,0,1,228,780,252,516,229,252,0,1,0,0,0
23,12,11,13,1,1,0,1,36,588,60,544,243,266,0,1,0,0,0
23,12,11,14,1,1,0,1,60,612,84,546,244,267,0,1,0,0,0
23,12,11,15,1,1,0,1,84,636,108,548,245,268,0,1,0,0,0
23,12,11,16,1,1,0,1,108,660,132,550,246,269,0,1,0,1,0
23,12,11,17,1,1,0,1,132,684,156,552,247,270,0,1,0,0,0
23,12,11,18,1,1,0,1,156,708,180,554,248,271,0,1,0,0,0
23,12,11,19,1,1,0,1,180,732,204,556,249,272,0,1,0,1,0
23,12,11,20,1,1,0,1,204,756,228,558,250,273,0,1,0,0,0
23,12,11,21,1,1,0,1,228,780,252,560,251,274,0,1,0,0,0
23,12,11,22,1,1,0,1,252,804,276,562,252,275,0,1,0,0,0
23,12,12,13,1,1,0,1,60,612,84,590,266,289,-1,1,0,0,0
23,12,12,14,1,1,0,1,84,636,108,592,267,290,0,1,0,0,0
23,12,12,15,1,1,0,1,108,660,132,594,268,291,0,1,0,0,0
23,12,12,16,1,1,1,1,132,684,156,596,269,292,0,1,0,0,0
23,12,12,17,1,1,0,1,156,708,180,598,270,293,0,1,0,0,0
23,12,12,18,1,1,0,1,180,732,204,600,271,294,0,1,0,0,0
23,12,12,19,1,1,1,1,204,756,228,602,272,295,0,1,0,0,0
23,12,12,20,1,1,0,1,228,780,252,604,273,296,0,1,0,0,0
23,12,12,21,1,1,0,1,252,804,276,606,274,297,0,1,0,0,0
23,12,12,22,1,1,0,1,276,828,36,608,275,298,-1,1,0,0,0
23,12,13,13,0,0,0,1,84,636,108,636,289,312,-1,0,0,0,0
23,12,13,14,1,1,0,1,108,660,132,638,290,313,-1,1,0,0,0
23,12,13,15,1,1,0,1,132,684,156,640,291,314,0,1,0,0,0
23,12,13,16,1,1,0,1,156,708,180,642,292,315,0,1,0,0,0
23,12,13,17,1,1,0,1,180,732,204,644,293,316,0,1,0,0,0
23,12,13,18,1,1,0,1,204,756,228,646,294,317,0,1,0,0,0
23,12,13,19,1,1,0,1,228,780,252,648,295,318,0,1,0,0,0
23,12,13,20,1,1,0,1,252,804,276,650,296,319,0,1,0,0,0
23,12,13,21,1,1,0,1,276,828,36,652,297,320,-1,1,0,0,0
23,12,13,22,0,0,0,1,36,588,60,654,298,321,-1,0,0,0,0
23,12,14,13,0,0,0,1,108,660,132,682,312,335,-1,0,0,0,0
23,12,14,14,0,0,0,1,132,684,156,684,313,336,-1,0,0,0,0
23,12,14,15,1,1,0,1,156,708,180,686,314,337,-1,1,0,0,0
23,12,14,16,0,1,0,1,180,732,204,688,315,338,0,1,1,0,0
23,12,14,17,1,1,0,1,204,756,228,690,316,339,0,1,0,0,0
23,12,14,18,1,1,0,1,228,780,252,692,317,340,0,1,0,0,0
23,12,14,19,0,1,0,1,252,804,276,694,318,341,0,1,1,0,0
23,12,14,20,1,1,0,1,276,828,36,696,319,342,-1,1,0,0,0
23,12,14,21,0,0,0,1,36,588,60,698,320,343,-1,0,0,0,0
23,12,14,22,0,0,0,1,60,612,84,700,321,344,-1,0,0,0,0
23,12,15,13,0,0,0,1,132,684,156,728,335,358,-1,0,0,0,0
23,12,15,14,0,0,0,1,156,708,180,730,336,359,-1,0,0,0,0
23,12,15,15,0,0,0,1,180,732,204,732,337,360,-1,0,0,0,0
23,12,15,16,1,1,0,1,204,756,228,734,338,361,-1,1,0,0,0
23,12,15,17,1,1,0,1,228,780,252,736,339,362,0,1,0,0,0
23,12,15,18,1,1,0,1,252,804,276,738,340,363,0,1,0,0,0
23,12,15,19,1,1,0,1,276,828,36,740,341,364,-1,1,0,0,0
23,12,15,20,0,0,0,1,36,588,60,742,342,365,-1,0,0,0,0
23,12,15,21,0,0,0,1,60,612,84,744,343,366,-1,0,0,0,0
23,12,15,22,0,0,0,1,84,636,108,746,344,367,-1,0,0,0,0
23,12,16,13,0,0,0,1,156,708,180,774,358,381,-1,0,0,0,0
23,12,16,14,0,0,0,1,180,732,204,776,359,382,-1,0,0,0,0
23,12,16,15,0,0,0,1,204,756,228,778,360,383,-1,0,0,0,0
23,12,16,16,0,0,0,1,228,780,252,780,361,384,-1,0,0,0,0
23,12,16,17,1,1,0,1,252,804,276,782,362,385,-1,1,0,0,0
23,12,16,18,1,1,0,1,276,828,36,784,363,386,-1,1,0,0,0
23,12,16,19,0,0,0,1,36,588,60,786,364,387,-1,0,0,0,0
23,12,16,20,0,0,0,1,60,612,84,788,365,388,-1,0,0,0,0
23,12,16,21,0,0,0,1,84,636,108,790,366,389,-1,0,0,0,0
23,12,16,22,0,0,0,1,108,660,132,792,367,390,-1,0,0,0,0
23,12,17,13,0,0,0,1,180,732,204,820,381,404,-1,0,0,0,0
23,12,17,14,0,0,0,1,204,756,228,822,382,405,-1,0,0,0,0
23,12,17,15,0,0,0,1,228,780,252,824,383,406,-1,0,0,0,0
23,12,17,16,0,0,0,1,252,804,276,826,384,407,-1,0,0,0,0
23,12,17,17,0,0,0,1,276,828,36,828,385,408,-1,0,0,0,0
23,12,17,18,0,0,0,1,36,588,60,830,386,409,-1,0,0,0,0
23,12,17,19,0,0,0,1,60,612,84,832,387,410,-1,0,0,0,0
23,12,17,20,0,0,0,1,84,636,108,834,388,411,-1,0,0,0,0
23,12,17,21,0,0,0,1,108,660,132,836,389,412,-1,0,0,0,0
23,12,17,22,0,0,0,1,132,684,156,838,390,413,-1,0,0,0,0
23,12,18,13,0,0,0,1,204,756,228,866,404,427,-1,0,0,0,0
23,12,18,14,0,0,0,1,228,780,252,868,405,428,-1,0,0,0,0
23,12,18,15,0,0,0,1,252,804,276,870,406,429,-1,0,0,0,0
23,12,18,16,0,0,0,1,276,828,36,872,407,430,-1,0,0,0,0
23,12,18,17,0,0,0,1,36,588,60,874,408,431,-1,0,0,0,0
23,12,18,18,0,0,0,1,60,612,84,876,409,432,-1,0,0,0,0
23,12,18,19,0,0,0,1,84,636,108,878,410,433,-1,0,0,0,0
23,12,18,20,0,0,0,1,108,660,132,880,411,434,-1,0,0,0,0
23,12,18,21,0,0,0,1,132,684,156,882,412,435,-1,0,0,0,0
23,12,18,22,0,0,0,1,156,708,180,884,413,436,-1,0,0,0,0
23,12,19,13,0,0,0,1,228,780,252,912,427,450,-1,0,0,0,0
23,12,19,14,0,0,0,1,252,804,276,914,428,451,-1,0,0,0,0
23,12,19,15,0,0,0,1,276,828,36,916,429,452,-1,0,0,0,0
23,12,19,16,0,0,0,1,36,588,60,918,430,453,-1,0,0,0,0
23,12,19,17,0,0,0,1,60,612,84,920,431,454,-1,0,0,0,0
23,12,19,18,0,0,0,1,84,636,108,922,432,455,-1,0,0,0,0
23,12,19,19,0,0,0,1,108,660,132,924,433,456,-1,0,0,0,0
23,12,19,20,0,0,0,1,132,684,156,926,434,457,-1,0,0,0,0
23,12,19,21,0,0,0,1,156,708,180,928,435,458,-1,0,0,0,0
23,12,19,22,0,0,0,1,180,732,204,930,436,459,-1,0,0,0,0
23,12,20,13,0,0,0,1,252,804,276,958,450,473,-1,0,0,0,0
23,12,20,14,0,0,0,1,276,828,36,960,451,474,-1,0,0,0,0
23,12,20,15,0,0,0,1,36,588,60,962,452,475,-1,0,0,0,0
23,12,20,16,0,0,0,1,60,612,84,964,453,476,-1,0,0,0,0
23,12,20,17,0,0,0,1,84,636,108,966,454,477,-1,0,0,0,0
23,12,20,18,0,0,0,1,108,660,132,968,455,478,-1,0,0,0,0
23,12,20,19,0,0,0,1,132,684,156,970,456,479,-1,0,0,0,0
23,12,20,20,0,0,0,1,156,708,180,972,457,480,-1,0,0,0,0
23,12,20,21,0,0,0,1,180,732,204,974,458,481,-1,0,0,0,0
23,12,20,22,0,0,0,1,204,756,228,976,459,482,-1,0,0,0,0
23,12,21,13,0,0,0,1,276,828,36,1004,473,496,-1,0,0,0,0
23,12,21,14,0,0,0,1,36,588,60,1006,474,497,-1,0,0,0,0
23,12,21,15,0,0,0,1,60,612,84,1008,475,498,-1,0,0,0,0
23,12,21,16,0,0,0,1,84,636,108,1010,476,499,-1,0,0,0,0
23,12,21,17,0,0,0,1,108,660,132,1012,477,500,-1,0,0,0,0
23,12,21,18,0,0,0,1,132,684,156,1014,478,501,-1,0,0,0,0
23,12,21,19,0,0,0,1,156,708,180,1016,479,502,-1,0,0,0,0
23,12,21,20,0,0,0,1,180,732,204,1018,480,503,-1,0,0,0,0
23,12,21,21,0,0,0,1,204,756,228,1020,481,504,-1,0,0,0,0
23,12,21,22,0,0,0,1,228,780,252,1022,482,505,-1,0,0,0,0
29,22,1,9,2,2,0,1,68,938,98,98,9,38,0,2,0,0,0
29,22,1,10,2,2,0,1,98,968,128,100,10,39,1,2,0,0,0
29,22,1,11,2,2,0,1,128,998,158,102,11,40,1,2,0,0,0
29,22,1,12,2,2,0,1,158,1028,188,104,12,41,1,2,0,0,0
29,22,1,13,2,2,0,1,188,1058,218,106,13,42,1,2,0,0,0
29,22,1,14,2,2,0,1,218,1088,248,108,14,43,1,2,0,0,0
29,22,1,15,2,2,0,1,248,1118,278,110,15,44,1,2,0,0,0
29,22,1,16,2,2,0,1,278,1148,308,112,16,45,1,2,0,0,0
29,22,1,17,2,2,0,1,308,1178,338,114,17,46,1,2,0,0,0
29,22,1,18,2,2,0,1,338,1208,368,116,18,47,1,2,0,1,0
29,22,1,19,2,2,0,1,368,1238,398,118,19,48,1,2,0,1,0
29,22,1,20,2,2,0,1,398,1268,428,120,20,49,1,2,0,0,0
29,22,1,21,2,2,0,1,428,1298,458,122,21,50,1,2,0,0,0
29,22,1,22,2,2,0,1,458,1328,488,124,22,51,1,2,0,0,0
29,22,1,23,2,2,0,1,488,1358,518,126,23,52,1,2,0,0,0
29,22,1,24,2,2,0,1,518,1388,548,128,24,53,1,2,0,0,0
29,22,1,25,2,2,0,1,548,1418,578,130,25,54,1,2,0,0,0
29,22,1,26,2,2,0,1,578,1448,608,132,26,55,1,2,0,0,0
29,22,1,27,2,2,0,1,608,1478,638,134,27,56,1,2,0,0,0
29,22,1,28,2,2,0,1,638,1508,52,136,28,57,0,2,0,0,0
29,22,2,9,1,1,0,1,98,968,128,156,38,67,0,1,0,0,0
29,22,2,10,2,2,0,1,128,998,158,158,39,68,0,2,0,0,0
29,22,2,11,2,2,0,1,158,1028,188,160,40,69,1,2,0,0,0
29,22,2,12,2,2,0,1,188,1058,218,162,41,70,1,2,0,0,0
29,22,2,13,2,2,0,1,218,1088,248,164,42,71,1,2,0,0,0
29,22,2,14,2,2,0,1,248,1118,278,166,43,72,1,2,0,0,0
29,22,2,15,2,2,0,1,278,1148,308,168,44,73,1,2,0,0,0
29,22,2,16,2,2,0,1,308,1178,338,170,45,74,1,2,0,1,0
29,22,2,17,2,2,0,1,338,1208,368,172,46,75,1,2,0,0,0
29,22,2,18,1,2,1,1,368,1238,398,174,47,76,1,1,0,0,0
29,22,2,19,1,2,1,1,398,1268,428,176,48,77,1,1,0,0,0
29,22,2,20,2,2,0,1,428,1298,458,178,49,78,1,2,0,0,0
29,22,2,21,2,2,0,1,458,1328,488,180,50,79,1,2,0,1,0
29,22,2,22,2,2,0,1,488,1358,518,182,51,80,1,2,0,0,0
29,22,2,23,2,2,0,1,518,1388,548,184,52,81,1,2,0,0,0
29,22,2,24,2,2,0,1,548,1418,578,186,53,82,1,2,0,0,0
29,22,2,25,2,2,0,1,578,1448,608,188,54,83,1,2,0,0,0
29,22,2,26,2,2,0,1,608,1478,638,190,55,84,1,2,0,0,0
29,22,2,27,2,2,0,1,638,1508,52,192,56,85,0,2,0,0,0
29,22,2,28,1,1,0,1,52,922,82,194,57,86,0,1,0,0,0
29,22,3,9,1,1,0,1,128,998,158,214,67,96,0,1,0,0,0
29,22,3,10,1,1,0,1,158,1028,188,216,68,97,0,1,0,1,0
29,22,3,11,2,2,0,1,188,1058,218,218,69,98,0,2,0,0,0
29,22,3,12,2,2,0,1,218,1088,248,220,70,99,1,2,0,0,0
29,22,3,13,2,2,0,1,248,1118,278,222,71,100,1,2,0,0,0
29,22,3,14,2,2,0,1,278,1148,308,224,72,101,1,2,0,0,0
29,22,3,15,2,2,0,1,308,1178,338,226,73,102,1,2,0,0,0
29,22,3,16,1,2,1,1,338,1208,368,228,74,103,1,1,0,0,0
29,22,3,17,2,2,0,1,368,1238,398,230,75,104,1,2,0,0,0
29,22,3,18,2,2,0,1,398,1268,428,232,76,105,1,2,0,0,0
29,22,3,19,2,2,0,1,428,1298,458,234,77,106,1,2,0,0,0
29,22,3,20,2,2,0,1,458,1328,488,236,78,107,1,2,0,0,0
29,22,3,21,1,2,1,1,488,1358,518,238,79,108,1,1,0,0,0
29,22,3,22,2,2,0,1,518,1388,548,240,80,109,1,2,0,0,0
29,22,3,23,2,2,0,1,548,1418,578,242,81,110,1,2,0,0,0
29,22,3,24,2,2,0,1,578,1448,608,244,82,111,1,2,0,0,0
29,22,3,25,2,2,0,1,608,1478,638,246,83,112,1,2,0,0,0
29,22,3,26,2,2,0,1,638,1508,52,248,84,113,0,2,0,0,0
29,22,3,27,1,1,0,1,52,922,82,250,85,114,0,1,0,1,0
29,22,3,28,1,1,0,1,82,952,112,252,86,115,0,1,0,0,0
29,22,4,9,1,1,0,1,158,1028,188,272,96,125,0,1,0,0,0
29,22,4,10,1,1,1,1,188,1058,218,274,97,126,0,1,0,0,0
29,22,4,11,1,1,0,1,218,1088,248,276,98,127,0,1,0,0,0
29,22,4,12,2,2,0,1,248,1118,278,278,99,128,0,2,0,0,0
29,22,4,13,2,2,0,1,278,1148,308,280,100,129,1,2,0,0,0
29,22,4,14,2,2,0,1,308,1178,338,282,101,130,1,2,0,0,0
29,22,4,15,2,2,0,1,338,1208,368,284,102,131,1,2,0,0,0
29,22,4,16,2,2,0,1,368,1238,398,286,103,132,1,2,0,0,0
29,22,4,17,2,2,0,1,398,1268,428,288,104,133,1,2,0,0,0
29,22,4,18,2,2,0,1,428,1298,458,290,105,134,1,2,0,0,0
29,22,4,19,2,2,0,1,458,1328,488,292,106,135,1,2,0,0,0
29,22,4,20,2,2,0,1,488,1358,518,294,107,136,1,2,0,0,0
29,22,4,21,2,2,0,1,518,1388,548,296,108,137,1,2,0,0,0
29,22,4,22,2,2,0,1,548,1418,578,298,109,138,1,2,0,0,0
29,22,4,23,2,2,0,1,578,1448,608,300,110,139,1,2,0,0,0
29,22,4,24,2,2,0,1,608,1478,638,302,111,140,1,2,0,0,0
29,22,4,25,2,2,0,1,638,1508,52,304,112,141,0,2,0,0,0
29,22,4,26,1,1,0,1,52,922,82,306,113,142,0,1,0,0,0
29,22,4,27,1,1,1,1,82,952,112,308,114,143,0,1,0,0,0
29,22,4,28,1,1,0,1,112,982,142,310,115,144,0,1,0,0,0
29,22,5,9,1,1,0,1,188,1058,218,330,125,154,0,1,0,0,0
29,22,5,10,1,1,0,1,218,1088,248,332,126,155,0,1,0,0,0
29,22,5,11,1,1,0,1,248,1118,278,334,127,156,0,1,0,0,0
29,22,5,12,1,1,0,1,278,1148,308,336,128,157,0,1,0,0,0
29,22,5,13,2,2,0,1,308,1178,338,338,129,158,0,2,0,0,0
29,22,5,14,2,2,0,1,338,1208,368,340,130,159,1,2,0,0,0
29,22,5,15,2,2,0,1,368,1238,398,342,131,160,1,2,0,0,0
29,22,5,16,2,2,0,1,398,1268,428,344,132,161,1,2,0,0,0
29,22,5,17,2,2,0,1,428,1298,458,346,133,162,1,2,0,0,0
29,22,5,18,2,2,0,1,458,1328,488,348,134,163,1,2,0,0,0
29,22,5,19,2,2,0,1,488,1358,518,350,135,164,1,2,0,0,0
29,22,5,20,2,2,0,1,518,1388,548,352,136,165,1,2,0,0,0
29,22,5,21,2,2,0,1,548,1418,578,354,137,166,1,2,0,0,0
29,22,5,22,2,2,0,1,578,1448,608,356,138,167,1,2,0,0,0
29,22,5,23,2,2,0,1,608,1478,638,358,139,168,1,2,0,0,0
29,22,5,24,2,2,0,1,638,1508,52,360,140,169,0,2,0,0,0
29,22,5,25,1,1,0,1,52,922,82,362,141,170,0,1,0,0,0
29,22,5,26,1,1,0,1,82,952,112,364,142,171,0,1,0,0,0
29,22,5,27,1,1,0,1,112,982,142,366,143,172,0,1,0,0,0
29,22,5,28,1,1,0,1,142,1012,172,368,144,173,0,1,0,0,0
29,22,6,9,1,1,0,1,218,1088,248,388,154,183,0,1,0,0,0
29,22,6,10,1,1,0,1,248,1118,278,390,155,184,0,1,0,0,0
29,22,6,11,1,1,0,1,278,1148,308,392,156,185,0,1,0,0,0
29,22,6,12,1,1,0,1,308,1178,338,394,157,186,0,1,0,0,0
29,22,6,13,1,1,0,1,338,1208,368,396,158,187,0,1,0,0,0
29,22,6,14,2,2,0,1,368,1238,398,398,159,188,0,2,0,0,0
29,22,6,15,2,2,0,1,398,1268,428,400,160,189,1,2,0,0,0
29,22,6,16,2,2,0,1,428,1298,458,402,161,190,1,2,0,0,0
29,22,6,17,2,2,0,1,458,1328,488,404,162,191,1,2,0,0,0
29,22,6,18,2,2,0,1,488,1358,518,406,163,192,1,2,0,0,0
29,22,6,19,2,2,0,1,518,1388,548,408,164,193,1,2,0,0,0
29,22,6,20,2,2,0,1,548,1418,578,410,165,194,1,2,0,0,0
29,22,6,21,2,2,0,1,578,1448,608,412,166,195,1,2,0,0,0
29,22,6,22,2,2,0,1,608,1478,638,414,167,196,1,2,0,0,0
29,22,6,23,2,2,0,1,638,1508,52,416,168,197,0,2,0,0,0
29,22,6,24,1,1,0,1,52,922,82,418,169,198,0,1,0,0,0
29,22,6,25,1,1,0,1,82,952,112,420,170,199,0,1,0,0,0
29,22,6,26,1,1,0,1,112,982,142,422,171,200,0,1,0,0,0
29,22,6,27,1,1,0,1,142,1012,172,424,172,201,0,1,0,0,0
29,22,6,28,1,1,0,1,172,1042,202,426,173,202,0,1,0,0,0
29,22,7,9,1,1,0,1,248,1118,278,446,183,212,0,1,0,0,0
29,22,7,10,1,1,0,1,278,1148,308,448,184,213,0,1,0,0,0
29,22,7,11,1,1,0,1,308,1178,338,450,185,214,0,1,0,0,0
29,22,7,12,1,1,0,1,338,1208,368,452,186,215,0,1,0,0,0
29,22,7,13,1,1,0,1,368,1238,398,454,187,216,0,1,0,0,0
29,22,7,14,1,1,0,1,398,1268,428,456,188,217,0,1,0,0,0
29,22,7,15,2,2,0,1,428,1298,458,458,189,218,0,2,0,0,0
29,22,7,16,2,2,0,1,458,1328,488,460,190,219,1,2,0,0,0
29,22,7,17,2,2,0,1,488,1358,518,462,191,220,1,2,0,0,0
29,22,7,18,2,2,0,1,518,1388,548,464,192,221,1,2,0,0,0
29,22,7,19,2,2,0,1,548,1418,578,466,193,222,1,2,0,0,0
29,22,7,20,2,2,0,1,578,1448,608,468,194,223,1,2,0,0,0
29,22,7,21,2,2,0,1,608,1478,638,470,195,224,1,2,0,0,0
29,22,7,22,2,2,0,1,638,1508,52,472,196,225,0,2,0,0,0
29,22,7,23,1,1,0,1,52,922,82,474,197,226,0,1,0,0,0
29,22,7,24,1,1,0,1,82,952,112,476,198,227,0,1,0,0,0
29,22,7,25,1,1,0,1,112,982,142,478,199,228,0,1,0,0,0
29,22,7,26,1,1,0,1,142,1012,172,480,200,229,0,1,0,0,0
29,22,7,27,1,1,0,1,172,1042,202,482,201,230,0,1,0,0,0
29,22,7,28,1,1,0,1,202,1072,232,484,202,231,0,1,0,0,0
29,22,8,9,1,1,0,1,278,1148,308,504,212,241,0,1,0,0,0
29,22,8,10,1,1,0,1,308,1178,338,506,213,242,0,1,0,0,0
29,22,8,11,1,1,0,1,338,1208,368,508,214,243,0,1,0,0,0
29,22,8,12,1,1,0,1,368,1238,398,510,215,244,0,1,0,0,0
29,22,8,13,1,1,0,1,398,1268,428,512,216,245,0,1,0,0,0
29,22,8,14,1,1,0,1,428,1298,458,514,217,246,0,1,0,0,0
29,22,8,15,1,1,0,1,458,1328,488,516,218,247,0,1,0,0,0
29,22,8,16,2,2,0,1,488,1358,518,518,219,248,0,2,0,0,0
29,22,8,17,2,2,0,1,518,1388,548,520,220,249,1,2,0,0,0
29,22,8,18,2,2,0,1,548,1418,578,522,221,250,1,2,0,0,0
29,22,8,19,2,2,0,1,578,1448,608,524,222,251,1,2,0,0,0
29,22,8,20,2,2,0,1,608,1478,638,526,223,252,1,2,0,0,0
29,22,8,21,2,2,0,1,638,1508,52,528,224,253,0,2,0,0,0
29,22,8,22,1,1,0,1,52,922,82,530,225,254,0,1,0,0,0
29,22,8,23,1,1,0,1,82,952,112,532,226,255,0,1,0,0,0
29,22,8,24,1,1,0,1,112,982,142,534,227,256,0,1,0,0,0
29,22,8,25,1,1,0,1,142,1012,172,536,228,257,0,1,0,0,0
29,22,8,26,1,1,0,1,172,1042,202,538,229,258,0,1,0,0,0
29,22,8,27,1,1,0,1,202,1072,232,540,230,259,0,1,0,0,0
29,22,8,28,1,1,0,1,232,1102,38,542,231,260,0,1,0,0,0
29,22,9,9,1,1,0,1,308,1178,338,562,241,270,0,1,0,0,0
29,22,9,10,1,1,0,1,338,1208,368,564,242,271,0,1,0,0,0
29,22,9,11,1,1,0,1,368,1238,398,566,243,272,0,1,0,0,0
29,22,9,12,1,1,0,1,398,1268,428,568,244,273,0,1,0,0,0
29,22,9,13,1,1,0,1,428,1298,458,570,245,274,0,1,0,0,0
29,22,9,14,1,1,0,1,458,1328,488,572,246,275,0,1,0,0,0
29,22,9,15,1,1,0,1,488,1358,518,574,247,276,0,1,0,0,0
29,22,9,16,1,1,0,1,518,1388,548,576,248,277,0,1,0,0,0
29,22,9,17,2,2,0,1,548,1418,578,578,249,278,0,2,0,0,0
29,22,9,18,2,2,0,1,578,1448,608,580,250,279,1,2,0,0,0
29,22,9,19,2,2,0,1,608,1478,638,582,251,280,1,2,0,0,0
29,22,9,20,2,2,0,1,638,1508,52,584,252,281,0,2,0,0,0
29,22,9,21,1,1,0,1,52,922,82,586,253,282,0,1,0,0,0
29,22,9,22,1,1,0,1,82,952,112,588,254,283,0,1,0,0,0
29,22,9,23,1,1,0,1,112,982,142,590,255,284,0,1,0,0,0
29,22,9,24,1,1,0,1,142,1012,172,592,256,285,0,1,0,0,0
29,22,9,25,1,1,0,1,172,1042,202,594,257,286,0,1,0,0,0
29,22,9,26,1,1,0,1,202,1072,232,596,258,287,0,1,0,0,0
29,22,9,27,1,1,0,1,232,1102,38,598,259,288,0,1,0,0,0
29,22,9,28,1,1,0,1,38,908,68,600,260,289,0,1,0,0,0
29,22,10,9,1,1,0,1,338,1208,368,620,270,299,0,1,0,0,0
29,22,10,10,1,1,0,1,368,1238,398,622,271,300,0,1,0,0,0
29,22,10,11,1,1,0,1,398,1268,428,624,272,301,0,1,0,0,0
29,22,10,12,1,1,0,1,428,1298,458,626,273,302,0,1,0,0,0
29,22,10,13,1,1,0,1,458,1328,488,628,274,303,0,1,0,0,0
29,22,10,14,1,1,0,1,488,1358,518,630,275,304,0,1,0,0,0
29,22,10,15,1,1,0,1,518,1388,548,632,276,305,0,1,0,0,0
29,22,10,16,1,1,0,1,548,1418,578,634,277,306,0,1,0,0,0
29,22,10,17,1,1,0,1,578,1448,608,636,278,307,0,1,0,0,0
29,22,10,18,2,2,0,1,608,1478,638,638,279,308,0,2,0,0,0
29,22,10,19,2,2,0,1,638,1508,52,640,280,309,0,2,0,0,0
29,22,10,20,1,1,0,1,52,922,82,642,281,310,0,1,0,0,0
29,22,10,21,1,1,0,1,82,952,112,644,282,311,0,1,0,0,0
29,22,10,22,1,1,0,1,112,982,142,646,283,312,0,1,0,0,0
29,22,10,23,1,1,0,1,142,1012,172,648,284,313,0,1,0,0,0
29,22,10,24,1,1,0,1,172,1042,202,650,285,314,0,1,0,0,0
29,22,10,25,1,1,0,1,202,1072,232,652,286,315,0,1,0,0,0
29,22,10,26,1,1,0,1,232,1102,38,654,287,316,0,1,0,0,0
29,22,10,27,1,1,0,1,38,908,68,656,288,317,0,1,0,0,0
29,22,10,28,1,1,0,1,68,938,98,658,289,318,0,1,0,0,0
29,22,11,9,1,1,0,1,368,1238,398,678,299,328,0,1,0,0,0
29,22,11,10,1,1,0,1,398,1268,428,680,300,329,0,1,0,0,0
29,22,11,11,1,1,0,1,428,1298,458,682,301,330,0,1,0,0,0
29,22,11,12,1,1,0,1,458,1328,488,684,302,331,0,1,0,0,0
29,22,11,13,1,1,0,1,488,1358,518,686,303,332,0,1,0,0,0
29,22,11,14,1,1,0,1,518,1388,548,688,304,333,0,1,0,0,0
29,22,11,15,1,1,0,1,548,1418,578,690,305,334,0,1,0,0,0
29,22,11,16,1,1,0,1,578,1448,608,692,306,335,0,1,0,0,0
29,22,11,17,1,1,0,1,608,1478,638,694,307,336,0,1,0,0,0
29,22,11,18,1,1,0,1,638,1508,52,696,308,337,0,1,0,0,0
29,22,11,19,1,1,0,1,52,922,82,698,309,338,0,1,0,0,0
29,22,11,20,1,1,0,1,82,952,112,700,310,339,0,1,0,0,0
29,22,11,21,1,1,0,1,112,982,142,702,311,340,0,1,0,0,0
29,22,11,22,1,1,0,1,142,1012,172,704,312,341,0,1,0,0,0
29,22,11,23,1,1,0,1,172,1042,202,706,313,342,0,1,0,0,0
29,22,11,24,1,1,0,1,202,1072,232,708,314,343,0,1,0,0,0
29,22,11,25,1,1,0,1,232,1102,38,710,315,344,0,1,0,0,0
29,22,11,26,1,1,0,1,38,908,68,712,316,345,0,1,0,0,0
29,22,11,27,1,1,0,1,68,938,98,714,317,346,0,1,0,0,0
29,22,11,28,1,1,0,1,98,968,128,716,318,347,0,1,0,0,0
29,22,12,9,1,1,0,1,398,1268,428,736,328,357,0,1,0,0,0
29,22,12,10,1,1,0,1,428,1298,458,738,329,358,0,1,0,0,0
29,22,12,11,1,1,0,1,458,1328,488,740,330,359,0,1,0,0,0
29,22,12,12,1,1,0,1,488,1358,518,742,331,360,0,1,0,0,0
29,22,12,13,1,1,0,1,518,1388,548,744,332,361,0,1,0,0,0
29,22,12,14,1,1,0,1,548,1418,578,746,333,362,0,1,0,0,0
29,22,12,15,1,1,0,1,578,1448,608,748,334,363,0,1,0,0,0
29,22,12,16,1,1,0,1,608,1478,638,750,335,364,0,1,0,0,0
29,22,12,17,1,1,0,1,638,1508,52,752,336,365,0,1,0,1,0
29,22,12,18,1,1,0,1,52,922,82,754,337,366,0,1,0,0,0
29,22,12,19,1,1,0,1,82,952,112,756,338,367,0,1,0,0,0
29,22,12,20,1,1,0,1,112,982,142,758,339,368,0,1,0,1,0
29,22,12,21,1,1,0,1,142,1012,172,760,340,369,0,1,0,0,0
29,22,12,22,1,1,0,1,172,1042,202,762,341,370,0,1,0,0,0
29,22,12,23,1,1,0,1,202,1072,232,764,342,371,0,1,0,0,0
29,22,12,24,1,1,0,1,232,1102,38,766,343,372,0,1,0,0,0
29,22,12,25,1,1,0,1,38,908,68,768,344,373,0,1,0,0,0
29,22,12,26,1,1,0,1,68,938,98,770,345,374,0,1,0,0,0
29,22,12,27,1,1,0,1,98,968,128,772,346,375,0,1,0,0,0
29,22,12,28,1,1,0,1,128,998,158,774,347,376,0,1,0,0,0
29,22,13,9,1,1,0,1,428,1298,458,794,357,386,0,1,0,0,0
29,22,13,10,1,1,0,1,458,1328,488,796,358,387,0,1,0,0,0
29,22,13,11,1,1,0,1,488,1358,518,798,359,388,0,1,0,0,0
29,22,13,12,1,1,0,1,518,1388,548,800,360,389,0,1,0,0,0
29,22,13,13,1,1,0,1,548,1418,578,802,361,390,0,1,0,1,0
29,22,13,14,1,1,0,1,578,1448,608,804,362,391,0,1,0,0,0
29,22,13,15,1,1,0,1,608,1478,638,806,363,392,0,1,0,0,0
29,22,13,16,1,1,0,1,638,1508,52,808,364,393,0,1,0,0,0
29,22,13,17,1,1,1,1,52,922,82,810,365,394,0,1,0,0,0
29,22,13,18,1,1,0,1,82,952,112,812,366,395,0,1,0,0,0
29,22,13,19,1,1,0,1,112,982,142,814,367,396,0,1,0,0,0
29,22,13,20,1,1,1,1,142,1012,172,816,368,397,0,1,0,0,0
29,22,13,21,1,1,0,1,172,1042,202,818,369,398,0,1,0,0,0
29,22,13,22,1,1,0,1,202,1072,232,820,370,399,0,1,0,0,0
29,22,13,23,1,1,0,1,232,1102,38,822,371,400,0,1,0,0,0
29,22,13,24,0,1,0,1,38,908,68,824,372,401,0,1,1,1,0
29,22,13,25,1,1,0,1,68,938,98,826,373,402,0,1,0,0,0
29,22,13,26,1,1,0,1,98,968,128,828,374,403,0,1,0,0,0
29,22,13,27,1,1,0,1,128,998,158,830,375,404,0,1,0,0,0
29,22,13,28,1,1,0,1,158,1028,188,832,376,405,0,1,0,0,0
29,22,14,9,1,1,0,1,458,1328,488,852,386,415,0,1,0,0,0
29,22,14,10,1,1,0,1,488,1358,518,854,387,416,0,1,0,0,0
29,22,14,11,1,1,0,1,518,1388,548,856,388,417,0,1,0,0,0
29,22,14,12,1,1,0,1,548,1418,578,858,389,418,0,1,0,0,0
29,22,14,13,0,1,1,1,578,1448,608,860,390,419,0,1,1,0,0
29,22,14,14,1,1,0,1,608,1478,638,862,391,420,0,1,0,0,0
29,22,14,15,1,1,0,1,638,1508,52,864,392,421,-1,1,0,0,0
29,22,14,16,1,1,0,1,52,922,82,866,393,422,0,1,0,0,0
29,22,14,17,1,1,0,1,82,952,112,868,394,423,0,1,0,1,0
29,22,14,18,1,1,0,1,112,982,142,870,395,424,0,1,0,0,0
29,22,14,19,1,1,0,1,142,1012,172,872,396,425,0,1,0,0,0
29,22,14,20,1,1,0,1,172,1042,202,874,397,426,0,1,0,1,0
29,22,14,21,1,1,0,1,202,1072,232,876,398,427,0,1,0,0,0
29,22,14,22,1,1,0,1,232,1102,38,878,399,428,-1,1,0,0,0
29,22,14,23,1,1,0,1,38,908,68,880,400,429,-1,1,0,0,0
29,22,14,24,1,1,1,1,68,938,98,882,401,430,0,1,0,0,0
29,22,14,25,1,1,0,1,98,968,128,884,402,431,0,1,0,0,0
29,22,14,26,1,1,0,1,128,998,158,886,403,432,0,1,0,0,0
29,22,14,27,1,1,0,1,158,1028,188,888,404,433,0,1,0,0,0
29,22,14,28,1,1,0,1,188,1058,218,890,405,434,0,1,0,0,0
29,22,15,9,1,1,0,1,488,1358,518,910,415,444,0,1,0,0,0
29,22,15,10,1,1,0,1,518,1388,548,912,416,445,0,1,0,0,0
29,22,15,11,1,1,0,1,548,1418,578,914,417,446,0,1,0,0,0
29,22,15,12,1,1,0,1,578,1448,608,916,418,447,0,1,0,0,0
29,22,15,13,1,1,0,1,608,1478,638,918,419,448,0,1,0,0,0
29,22,15,14,1,1,0,1,638,1508,52,920,420,449,-1,1,0,0,0
29,22,15,15,0,0,0,1,52,922,82,922,421,450,-1,0,0,0,0
29,22,15,16,1,1,0,1,82,952,112,924,422,451,-1,1,0,0,0
29,22,15,17,1,1,1,1,112,982,142,926,423,452,0,1,0,0,0
29,22,15,18,1,1,0,1,142,1012,172,928,424,453,0,1,0,0,0
29,22,15,19,1,1,0,1,172,1042,202,930,425,454,0,1,0,0,0
29,22,15,20,1,1,1,1,202,1072,232,932,426,455,0,1,0,0,0
29,22,15,21,1,1,0,1,232,1102,38,934,427,456,-1,1,0,0,0
29,22,15,22,0,0,0,1,38,908,68,936,428,457,-1,0,0,0,0
29,22,15,23,0,0,0,1,68,938,98,938,429,458,-1,0,0,0,0
29,22,15,24,1,1,0,1,98,968,128,940,430,459,-1,1,0,0,0
29,22,15,25,1,1,0,1,128,998,158,942,431,460,0,1,0,0,0
29,22,15,26,1,1,0,1,158,1028,188,944,432,461,0,1,0,0,0
29,22,15,27,1,1,0,1,188,1058,218,946,433,462,0,1,0,0,0
29,22,15,28,1,1,0,1,218,1088,248,948,434,463,0,1,0,0,0
29,22,16,9,1,1,0,1,518,1388,548,968,444,473,0,1,0,0,0
29,22,16,10,1,1,0,1,548,1418,578,970,445,474,0,1,0,0,0
29,22,16,11,1,1,0,1,578,1448,608,972,446,475,0,1,0,0,0
29,22,16,12,1,1,0,1,608,1478,638,974,447,476,0,1,0,0,0
29,22,16,13,1,1,0,1,638,1508,52,976,448,477,-1,1,0,0,0
29,22,16,14,0,0,0,1,52,922,82,978,449,478,-1,0,0,0,0
29,22,16,15,0,0,0,1,82,952,112,980,450,479,-1,0,0,0,0
29,22,16,16,0,0,0,1,112,982,142,982,451,480,-1,0,0,0,0
29,22,16,17,1,1,0,1,142,1012,172,984,452,481,-1,1,0,0,0
29,22,16,18,1,1,0,1,172,1042,202,986,453,482,0,1,0,0,0
29,22,16,19,1,1,0,1,202,1072,232,988,454,483,0,1,0,0,0
29,22,16,20,1,1,0,1,232,1102,38,990,455,484,-1,1,0,0,0
29,22,16,21,0,0,0,1,38,908,68,992,456,485,-1,0,0,0,0
29,22,16,22,0,0,0,1,68,938,98,994,457,486,-1,0,0,0,0
29,22,16,23,0,0,0,1,98,968,128,996,458,487,-1,0,0,0,0
29,22,16,24,0,0,0,1,128,998,158,998,459,488,-1,0,0,0,0
29,22,16,25,1,1,0,1,158,1028,188,1000,460,489,-1,1,0,0,0
29,22,16,26,1,1,0,1,188,1058,218,1002,461,490,0,1,0,0,0
29,22,16,27,1,1,0,1,218,1088,248,1004,462,491,0,1,0,0,0
29,22,16,28,1,1,0,1,248,1118,278,1006,463,492,0,1,0,0,0
29,22,17,9,1,1,0,1,548,1418,578,1026,473,502,0,1,0,0,0
29,22,17,10,1,1,0,1,578,1448,608,1028,474,503,0,1,0,0,0
29,22,17,11,1,1,0,1,608,1478,638,1030,475,504,0,1,0,0,0
29,22,17,12,1,1,0,1,638,1508,52,1032,476,505,-1,1,0,0,0
29,22,17,13,0,0,0,1,52,922,82,1034,477,506,-1,0,0,0,0
29,22,17,14,0,0,0,1,82,952,112,1036,478,507,-1,0,0,0,0
29,22,17,15,0,0,0,1,112,982,142,1038,479,508,-1,0,0,0,0
29,22,17,16,0,0,0,1,142,1012,172,1040,480,509,-1,0,0,0,0
29,22,17,17,0,0,0,1,172,1042,202,1042,481,510,-1,0,0,0,0
29,22,17,18,1,1,0,1,202,1072,232,1044,482,511,-1,1,0,0,0
29,22,17,19,1,1,0,1,232,1102,38,1046,483,512,-1,1,0,0,0
29,22,17,20,0,0,0,1,38,908,68,1048,484,513,-1,0,0,0,0
29,22,17,21,0,0,0,1,68,938,98,1050,485,514,-1,0,0,0,0
29,22,17,22,0,0,0,1,98,968,128,1052,486,515,-1,0,0,0,0
29,22,17,23,0,0,0,1,128,998,158,1054,487,516,-1,0,0,0,0
29,22,17,24,0,0,0,1,158,1028,188,1056,488,517,-1,0,0,0,0
29,22,17,25,0,0,0,1,188,1058,218,1058,489,518,-1,0,0,0,0
29,22,17,26,1,1,0,1,218,1088,248,1060,490,519,-1,1,0,0,0
29,22,17,27,1,1,0,1,248,1118,278,1062,491,520,0,1,0,0,0
29,22,17,28,1,1,0,1,278,1148,308,1064,492,521,0,1,0,0,0
29,22,18,9,1,1,0,1,578,1448,608,1084,502,531,0,1,0,0,0
29,22,18,10,1,1,0,1,608,1478,638,1086,503,532,0,1,0,0,0
29,22,18,11,1,1,0,1,638,1508,52,1088,504,533,-1,1,0,0,0
29,22,18,12,0,0,0,1,52,922,82,1090,505,534,-1,0,0,0,0
29,22,18,13,0,0,0,1,82,952,112,1092,506,535,-1,0,0,0,0
29,22,18,14,0,0,0,1,112,982,142,1094,507,536,-1,0,0,0,0
29,22,18,15,0,0,0,1,142,1012,172,1096,508,537,-1,0,0,0,0
29,22,18,16,0,0,0,1,172,1042,202,1098,509,538,-1,0,0,0,0
29,22,18,17,0,0,0,1,202,1072,232,1100,510,539,-1,0,0,0,0
29,22,18,18,0,0,0,1,232,1102,38,1102,511,540,-1,0,0,0,0
29,22,18,19,0,0,0,1,38,908,68,1104,512,541,-1,0,0,0,0
29,22,18,20,0,0,0,1,68,938,98,1106,513,542,-1,0,0,0,0
29,22,18,21,0,0,0,1,98,968,128,1108,514,543,-1,0,0,0,0
29,22,18,22,0,0,0,1,128,998,158,1110,515,544,-1,0,0,0,0
29,22,18,23,0,0,0,1,158,1028,188,1112,516,545,-1,0,0,0,0
29,22,18,24,0,0,0,1,188,1058,218,1114,517,546,-1,0,0,0,0
29,22,18,25,0,0,0,1,218,1088,248,1116,518,547,-1,0,0,0,0
29,22,18,26,0,0,0,1,248,1118,278,1118,519,548,-1,0,0,0,0
29,22,18,27,1,1,0,1,278,1148,308,1120,520,549,-1,1,0,0,0
29,22,18,28,1,1,0,1,308,1178,338,1122,521,550,0,1,0,0,0
29,22,19,9,1,1,0,1,608,1478,638,1142,531,560,0,1,0,0,0
29,22,19,10,1,1,0,1,638,1508,52,1144,532,561,-1,1,0,0,0
29,22,19,11,0,0,0,1,52,922,82,1146,533,562,-1,0,0,0,0
29,22,19,12,0,0,0,1,82,952,112,1148,534,563,-1,0,0,0,0
29,22,19,13,0,0,0,1,112,982,142,1150,535,564,-1,0,0,0,0
29,22,19,14,0,0,0,1,142,1012,172,1152,536,565,-1,0,0,0,0
29,22,19,15,0,0,0,1,172,1042,202,1154,537,566,-1,0,0,0,0
29,22,19,16,0,0,0,1,202,1072,232,1156,538,567,-1,0,0,0,0
29,22,19,17,0,0,0,1,232,1102,38,1158,539,568,-1,0,0,0,0
29,22,19,18,0,0,0,1,38,908,68,1160,540,569,-1,0,0,0,0
29,22,19,19,0,0,0,1,68,938,98,1162,541,570,-1,0,0,0,0
29,22,19,20,0,0,0,1,98,968,128,1164,542,571,-1,0,0,0,0
29,22,19,21,0,0,0,1,128,998,158,1166,543,572,-1,0,0,0,0
29,22,19,22,0,0,0,1,158,1028,188,1168,544,573,-1,0,0,0,0
29,22,19,23,0,0,0,1,188,1058,218,1170,545,574,-1,0,0,0,0
29,22,19,24,0,0,0,1,218,1088,248,1172,546,575,-1,0,0,0,0
29,22,19,25,0,0,0,1,248,1118,278,1174,547,576,-1,0,0,0,0
29,22,19,26,0,0,0,1,278,1148,308,1176,548,577,-1,0,0,0,0
29,22,19,27,0,0,0,1,308,1178,338,1178,549,578,-1,0,0,0,0
29,22,19,28,1,1,0,1,338,1208,368,1180,550,579,-1,1,0,0,0
29,22,20,9,1,1,0,1,638,1508,52,1200,560,589,-1,1,0,0,0
29,22,20,10,0,0,0,1,52,922,82,1202,561,590,-1,0,0,0,0
29,22,20,11,0,0,0,1,82,952,112,1204,562,591,-1,0,0,0,0
29,22,20,12,0,0,0,1,112,982,142,1206,563,592,-1,0,0,0,0
29,22,20,13,0,0,0,1,142,1012,172,1208,564,593,-1,0,0,0,0
29,22,20,14,0,0,0,1,172,1042,202,1210,565,594,-1,0,0,0,0
29,22,20,15,0,0,0,1,202,1072,232,1212,566,595,-1,0,0,0,0
29,22,20,16,0,0,0,1,232,1102,38,1214,567,596,-1,0,0,0,0
29,22,20,17,0,0,0,1,38,908,68,1216,568,597,-1,0,0,0,0
29,22,20,18,0,0,0,1,68,938,98,1218,569,598,-1,0,0,0,0
29,22,20,19,0,0,0,1,98,968,128,1220,570,599,-1,0,0,0,0
29,22,20,20,0,0,0,1,128,998,158,1222,571,600,-1,0,0,0,0
29,22,20,21,0,0,0,1,158,1028,188,1224,572,601,-1,0,0,0,0
29,22,20,22,0,0,0,1,188,1058,218,1226,573,602,-1,0,0,0,0
29,22,20,23,0,0,0,1,218,1088,248,1228,574,603,-1,0,0,0,0
29,22,20,24,0,0,0,1,248,1118,278,1230,575,604,-1,0,0,0,0
29,22,20,25,0,0,0,1,278,1148,308,1232,576,605,-1,0,0,0,0
29,22,20,26,0,0,0,1,308,1178,338,1234,577,606,-1,0,0,0,0
29,22,20,27,0,0,0,1,338,1208,368,1236,578,607,-1,0,0,0,0
29,22,20,28,0,0,0,1,368,1238,398,1238,579,608,-1,0,0,0,0
29,22,21,9,0,0,0,1,52,922,82,1258,589,618,-1,0,0,0,0
29,22,21,10,0,0,0,1,82,952,112,1260,590,619,-1,0,0,0,0
29,22,21,11,0,0,0,1,112,982,142,1262,591,620,-1,0,0,0,0
29,22,21,12,0,0,0,1,142,1012,172,1264,592,621,-1,0,0,0,0
29,22,21,13,0,0,0,1,172,1042,202,1266,593,622,-1,0,0,0,0
29,22,21,14,0,0,0,1,202,1072,232,1268,594,623,-1,0,0,0,0
29,22,21,15,0,0,0,1,232,1102,38,1270,595,624,-1,0,0,0,0
29,22,21,16,0,0,0,1,38,908,68,1272,596,625,-1,0,0,0,0
29,22,21,17,0,0,0,1,68,938,98,1274,597,626,-1,0,0,0,0
29,22,21,18,0,0,0,1,98,968,128,1276,598,627,-1,0,0,0,0
29,22,21,19,0,0,0,1,128,998,158,1278,599,628,-1,0,0,0,0
29,22,21,20,0,0,0,1,158,1028,188,1280,600,629,-1,0,0,0,0
29,22,21,21,0,0,0,1,188,1058,218,1282,601,630,-1,0,0,0,0
29,22,21,22,0,0,0,1,218,1088,248,1284,602,631,-1,0,0,0,0
29,22,21,23,0,0,0,1,248,1118,278,1286,603,632,-1,0,0,0,0
29,22,21,24,0,0,0,1,278,1148,308,1288,604,633,-1,0,0,0,0
29,22,21,25,0,0,0,1,308,1178,338,1290,605,634,-1,0,0,0,0
29,22,21,26,0,0,0,1,338,1208,368,1292,606,635,-1,0,0,0,0
29,22,21,27,0,0,0,1,368,1238,398,1294,607,636,-1,0,0,0,0
29,22,21,28,0,0,0,1,398,1268,428,1296,608,637,-1,0,0,0,0
29,22,22,9,0,0,0,1,82,952,112,1316,618,647,-1,0,0,0,0
29,22,22,10,0,0,0,1,112,982,142,1318,619,648,-1,0,0,0,0
29,22,22,11,0,0,0,1,142,1012,172,1320,620,649,-1,0,0,0,0
29,22,22,12,0,0,0,1,172,1042,202,1322,621,650,-1,0,0,0,0
29,22,22,13,0,0,0,1,202,1072,232,1324,622,651,-1,0,0,0,0
29,22,22,14,0,0,0,1,232,1102,38,1326,623,652,-1,0,0,0,0
29,22,22,15,0,0,0,1,38,908,68,1328,624,653,-1,0,0,0,0
29,22,22,16,0,0,0,1,68,938,98,1330,625,654,-1,0,0,0,0
29,22,22,17,0,0,0,1,98,968,128,1332,626,655,-1,0,0,0,0
29,22,22,18,0,0,0,1,128,998,158,1334,627,656,-1,0,0,0,0
29,22,22,19,0,0,0,1,158,1028,188,1336,628,657,-1,0,0,0,0
29,22,22,20,0,0,0,1,188,1058,218,1338,629,658,-1,0,0,0,0
29,22,22,21,0,0,0,1,218,1088,248,1340,630,659,-1,0,0,0,0
29,22,22,22,0,0,0,1,248,1118,278,1342,631,660,-1,0,0,0,0
29,22,22,23,0,0,0,1,278,1148,308,1344,632,661,-1,0,0,0,0
29,22,22,24,0,0,0,1,308,1178,338,1346,633,662,-1,0,0,0,0
29,22,22,25,0,0,0,1,338,1208,368,1348,634,663,-1,0,0,0,0
29,22,22,26,0,0,0,1,368,1238,398,1350,635,664,-1,0,0,0,0
29,22,22,27,0,0,0,1,398,1268,428,1352,636,665,-1,0,0,0,0
29,22,22,28,0,0,0,1,428,1298,458,1354,637,666,-1,0,0,0,0
29,22,23,9,0,0,0,1,112,982,142,1374,647,676,-1,0,0,0,0
29,22,23,10,0,0,0,1,142,1012,172,1376,648,677,-1,0,0,1,0
29,22,23,11,0,0,0,1,172,1042,202,1378,649,678,-1,0,0,0,0
29,22,23,12,0,0,0,1,202,1072,232,1380,650,679,-1,0,0,0,0
29,22,23,13,0,0,0,1,232,1102,38,1382,651,680,-1,0,0,0,0
29,22,23,14,0,0,0,1,38,908,68,1384,652,681,-1,0,0,0,0
29,22,23,15,0,0,0,1,68,938,98,1386,653,682,-1,0,0,0,0
29,22,23,16,0,0,0,1,98,968,128,1388,654,683,-1,0,0,0,0
29,22,23,17,0,0,0,1,128,998,158,1390,655,684,-1,0,0,0,0
29,22,23,18,0,0,0,1,158,1028,188,1392,656,685,-1,0,0,0,0
29,22,23,19,0,0,0,1,188,1058,218,1394,657,686,-1,0,0,0,0
29,22,23,20,0,0,0,1,218,1088,248,1396,658,687,-1,0,0,0,0
29,22,23,21,0,0,0,1,248,1118,278,1398,659,688,-1,0,0,0,0
29,22,23,22,0,0,0,1,278,1148,308,1400,660,689,-1,0,0,0,0
29,22,23,23,0,0,0,1,308,1178,338,1402,661,690,-1,0,0,0,0
29,22,23,24,0,0,0,1,338,1208,368,1404,662,691,-1,0,0,0,0
29,22,23,25,0,0,0,1,368,1238,398,1406,663,692,-1,0,0,0,0
29,22,23,26,0,0,0,1,398,1268,428,1408,664,693,-1,0,0,0,0
29,22,23,27,0,0,0,1,428,1298,458,1410,665,694,-1,0,0,1,0
29,22,23,28,0,0,0,1,458,1328,488,1412,666,695,-1,0,0,0,0
29,22,24,9,0,0,0,1,142,1012,172,1432,676,705,-1,0,0,0,0
29,22,24,10,0,0,1,1,172,1042,202,1434,677,706,-1,0,0,0,0
29,22,24,11,0,0,0,1,202,1072,232,1436,678,707,-1,0,0,0,0
29,22,24,12,0,0,0,1,232,1102,38,1438,679,708,-1,0,0,0,0
29,22,24,13,0,0,0,1,38,908,68,1440,680,709,-1,0,0,0,0
29,22,24,14,0,0,0,1,68,938,98,1442,681,710,-1,0,0,0,0
29,22,24,15,0,0,0,1,98,968,128,1444,682,711,-1,0,0,0,0
29,22,24,16,-1,0,0,1,128,998,158,1446,683,712,-1,0,1,1,0
29,22,24,17,0,0,0,1,158,1028,188,1448,684,713,-1,0,0,0,0
29,22,24,18,0,0,0,1,188,1058,218,1450,685,714,-1,0,0,0,0
29,22,24,19,0,0,0,1,218,1088,248,1452,686,715,-1,0,0,0,0
29,22,24,20,0,0,0,1,248,1118,278,1454,687,716,-1,0,0,0,0
29,22,24,21,-1,0,0,1,278,1148,308,1456,688,717,-1,0,1,1,0
29,22,24,22,0,0,0,1,308,1178,338,1458,689,718,-1,0,0,0,0
29,22,24,23,0,0,0,1,338,1208,368,1460,690,719,-1,0,0,0,0
29,22,24,24,0,0,0,1,368,1238,398,1462,691,720,-1,0,0,0,0
29,22,24,25,0,0,0,1,398,1268,428,1464,692,721,-1,0,0,0,0
29,22,24,26,0,0,0,1,428,1298,458,1466,693,722,-1,0,0,0,0
29,22,24,27,0,0,1,1,458,1328,488,1468,694,723,-1,0,0,0,0
29,22,24,28,0,0,0,1,488,1358,518,1470,695,724,-1,0,0,0,0
29,22,25,9,0,0,0,1,172,1042,202,1490,705,734,-1,0,0,0,0
29,22,25,10,0,0,0,1,202,1072,232,1492,706,735,-1,0,0,0,0
29,22,25,11,0,0,0,1,232,1102,38,1494,707,736,-1,0,0,0,0
29,22,25,12,0,0,0,1,38,908,68,1496,708,737,-1,0,0,0,0
29,22,25,13,0,0,0,1,68,938,98,1498,709,738,-1,0,0,0,0
29,22,25,14,0,0,0,1,98,968,128,1500,710,739,-1,0,0,0,0
29,22,25,15,0,0,0,1,128,998,158,1502,711,740,-1,0,0,0,0
29,22,25,16,0,0,1,1,158,1028,188,1504,712,741,-1,0,0,0,0
29,22,25,17,0,0,0,1,188,1058,218,1506,713,742,-1,0,0,0,0
29,22,25,18,-1,0,0,1,218,1088,248,1508,714,743,-1,0,1,1,0
29,22,25,19,-1,0,0,1,248,1118,278,1510,715,744,-1,0,1,1,0
29,22,25,20,0,0,0,1,278,1148,308,1512,716,745,-1,0,0,0,0
29,22,25,21,0,0,1,1,308,1178,338,1514,717,746,-1,0,0,0,0
29,22,25,22,0,0,0,1,338,1208,368,1516,718,747,-1,0,0,0,0
29,22,25,23,0,0,0,1,368,1238,398,1518,719,748,-1,0,0,0,0
29,22,25,24,0,0,0,1,398,1268,428,1520,720,749,-1,0,0,0,0
29,22,25,25,0,0,0,1,428,1298,458,1522,721,750,-1,0,0,0,0
29,22,25,26,0,0,0,1,458,1328,488,1524,722,751,-1,0,0,0,0
29,22,25,27,0,0,0,1,488,1358,518,1526,723,752,-1,0,0,0,0
29,22,25,28,0,0,0,1,518,1388,548,1528,724,753,-1,0,0,0,0
29,22,26,9,0,0,0,1,202,1072,232,1548,734,763,-1,0,0,0,0
29,22,26,10,0,0,0,1,232,1102,38,1550,735,764,-1,0,0,0,0
29,22,26,11,0,0,0,1,38,908,68,1552,736,765,-1,0,0,0,0
29,22,26,12,0,0,0,1,68,938,98,1554,737,766,-1,0,0,0,0
29,22,26,13,0,0,0,1,98,968,128,1556,738,767,-1,0,0,0,0
29,22,26,14,0,0,0,1,128,998,158,1558,739,768,-1,0,0,0,0
29,22,26,15,0,0,0,1,158,1028,188,1560,740,769,-1,0,0,0,0
29,22,26,16,0,0,0,1,188,1058,218,1562,741,770,-1,0,0,0,0
29,22,26,17,0,0,0,1,218,1088,248,1564,742,771,-1,0,0,0,0
29,22,26,18,0,0,1,1,248,1118,278,1566,743,772,-1,0,0,0,0
29,22,26,19,0,0,1,1,278,1148,308,1568,744,773,-1,0,0,0,0
29,22,26,20,0,0,0,1,308,1178,338,1570,745,774,-1,0,0,0,0
29,22,26,21,0,0,0,1,338,1208,368,1572,746,775,-1,0,0,0,0
29,22,26,22,0,0,0,1,368,1238,398,1574,747,776,-1,0,0,0,0
29,22,26,23,0,0,0,1,398,1268,428,1576,748,777,-1,0,0,0,0
29,22,26,24,0,0,0,1,428,1298,458,1578,749,778,-1,0,0,0,0
29,22,26,25,0,0,0,1,458,1328,488,1580,750,779,-1,0,0,0,0
29,22,26,26,0,0,0,1,488,1358,518,1582,751,780,-1,0,0,0,0
29,22,26,27,0,0,0,1,518,1388,548,1584,752,781,-1,0,0,0,0
29,22,26,28,0,0,0,1,548,1418,578,1586,753,782,-1,0,0,0,0
29,22,27,9,0,0,0,1,232,1102,38,1606,763,792,-1,0,0,0,0
29,22,27,10,0,0,0,1,38,908,68,1608,764,793,-1,0,0,0,0
29,22,27,11,0,0,0,1,68,938,98,1610,765,794,-1,0,0,0,0
29,22,27,12,0,0,0,1,98,968,128,1612,766,795,-1,0,0,0,0
29,22,27,13,0,0,0,1,128,998,158,1614,767,796,-1,0,0,0,0
29,22,27,14,0,0,0,1,158,1028,188,1616,768,797,-1,0,0,0,0
29,22,27,15,0,0,0,1,188,1058,218,1618,769,798,-1,0,0,0,0
29,22,27,16,0,0,0,1,218,1088,248,1620,770,799,-1,0,0,0,0
29,22,27,17,0,0,0,1,248,1118,278,1622,771,800,-1,0,0,0,0
29,22,27,18,0,0,0,1,278,1148,308,1624,772,801,-1,0,0,0,0
29,22,27,19,0,0,0,1,308,1178,338,1626,773,802,-1,0,0,0,0
29,22,27,20,0,0,0,1,338,1208,368,1628,774,803,-1,0,0,0,0
29,22,27,21,0,0,0,1,368,1238,398,1630,775,804,-1,0,0,0,0
29,22,27,22,0,0,0,1,398,1268,428,1632,776,805,-1,0,0,0,0
29,22,27,23,0,0,0,1,428,1298,458,1634,777,806,-1,0,0,0,0
29,22,27,24,0,0,0,1,458,1328,488,1636,778,807,-1,0,0,0,0
29,22,27,25,0,0,0,1,488,1358,518,1638,779,808,-1,0,0,0,0
29,22,27,26,0,0,0,1,518,1388,548,1640,780,809,-1,0,0,0,0
29,22,27,27,0,0,0,1,548,1418,578,1642,781,810,-1,0,0,0,0
29,22,27,28,0,0,0,1,578,1448,608,1644,782,811,-1,0,0,0,0
59,16,1,45,1,1,0,0,106,3646,166,224,45,104,0,1,0,0,0
59,16,1,46,2,2,0,0,166,3706,226,226,46,105,0,2,0,0,0
59,16,1,47,2,2,0,0,226,3766,286,228,47,106,1,2,0,0,0
59,16,1,48,2,2,0,0,286,3826,346,230,48,107,1,2,0,0,0
59,16,1,49,2,2,0,0,346,3886,406,232,49,108,1,2,0,0,0
59,16,1,50,2,2,0,0,406,3946,466,234,50,109,1,2,0,0,0
59,16,1,51,2,2,0,0,466,4006,526,236,51,110,1,2,0,0,0
59,16,1,52,2,2,0,0,526,4066,586,238,52,111,1,2,0,0,0
59,16,1,53,2,2,0,0,586,4126,646,240,53,112,1,2,0,0,0
59,16,1,54,2,2,0,0,646,4186,706,242,54,113,1,2,0,0,0
59,16,1,55,2,2,0,0,706,4246,766,244,55,114,1,2,0,0,0
59,16,1,56,2,2,0,0,766,4306,826,246,56,115,1,2,0,0,0
59,16,1,57,2,2,0,0,826,4366,16,248,57,116,0,2,0,0,0
59,16,1,58,1,1,0,0,16,3556,76,250,58,117,0,1,0,0,0
59,16,2,45,1,1,0,0,166,3706,226,342,104,163,0,1,0,0,0
59,16,2,46,1,1,0,0,226,3766,286,344,105,164,0,1,0,0,0
59,16,2,47,2,2,0,0,286,3826,346,346,106,165,0,2,0,0,0
59,16,2,48,2,2,0,0,346,3886,406,348,107,166,1,2,0,0,0
59,16,2,49,2,2,0,0,406,3946,466,350,108,167,1,2,0,0,0
59,16,2,50,2,2,0,0,466,4006,526,352,109,168,1,2,0,0,0
59,16,2,51,2,2,0,0,526,4066,586,354,110,169,1,2,0,0,0
59,16,2,52,2,2,0,0,586,4126,646,356,111,170,1,2,0,0,0
59,16,2,53,2,2,0,0,646,4186,706,358,112,171,1,2,0,0,0
59,16,2,54,2,2,0,0,706,4246,766,360,113,172,1,2,0,0,0
59,16,2,55,2,2,0,0,766,4306,826,362,114,173,1,2,0,0,0
59,16,2,56,2,2,0,0,826,4366,16,364,115,174,0,2,0,0,0
59,16,2,57,1,1,0,0,16,3556,76,366,116,175,0,1,0,0,0
59,16,2,58,1,1,0,0,76,3616,136,368,117,176,0,1,0,0,0
