p,k,n,ip,delta,D,conic,ordy,om_jmax,wA,om_theta_i,k2i,jmax
37,12,1,27,2,2,0,1,102,1508,140,140,27
37,12,1,28,2,2,0,1,140,1546,178,142,28
37,12,1,29,2,2,0,1,178,1584,216,144,29
37,12,1,30,2,2,0,1,216,1622,254,146,30
37,12,1,31,2,2,0,1,254,1660,292,148,31
37,12,1,32,2,2,0,1,292,1698,330,150,32
37,12,1,33,2,2,0,1,330,1736,368,152,33
37,12,1,34,2,2,0,1,368,1774,406,154,34
37,12,1,35,2,2,0,1,406,1812,444,156,35
37,12,1,36,2,2,0,1,444,1850,50,158,36
37,12,2,27,1,1,0,1,140,1546,178,214,64
37,12,2,28,2,2,0,1,178,1584,216,216,65
37,12,2,29,2,2,0,1,216,1622,254,218,66
37,12,2,30,2,2,0,1,254,1660,292,220,67
37,12,2,31,2,2,0,1,292,1698,330,222,68
37,12,2,32,2,2,0,1,330,1736,368,224,69
37,12,2,33,2,2,0,1,368,1774,406,226,70
37,12,2,34,2,2,0,1,406,1812,444,228,71
37,12,2,35,2,2,0,1,444,1850,50,230,72
37,12,2,36,1,1,0,1,50,1456,88,232,73
37,12,3,27,1,1,0,1,178,1584,216,288,101
37,12,3,28,1,1,0,1,216,1622,254,290,102
37,12,3,29,2,2,0,1,254,1660,292,292,103
37,12,3,30,2,2,0,1,292,1698,330,294,104
37,12,3,31,2,2,0,1,330,1736,368,296,105
37,12,3,32,2,2,0,1,368,1774,406,298,106
37,12,3,33,2,2,0,1,406,1812,444,300,107
37,12,3,34,2,2,0,1,444,1850,50,302,108
37,12,3,35,1,1,0,1,50,1456,88,304,109
37,12,3,36,1,1,0,1,88,1494,126,306,110
37,12,4,27,1,1,0,1,216,1622,254,362,138
37,12,4,28,1,1,0,1,254,1660,292,364,139
37,12,4,29,1,1,0,1,292,1698,330,366,140
37,12,4,30,2,2,0,1,330,1736,368,368,141
37,12,4,31,2,2,0,1,368,1774,406,370,142
37,12,4,32,2,2,0,1,406,1812,444,372,143
37,12,4,33,2,2,0,1,444,1850,50,374,144
37,12,4,34,1,1,0,1,50,1456,88,376,145
37,12,4,35,1,1,0,1,88,1494,126,378,146
37,12,4,36,1,1,0,1,126,1532,164,380,147
37,12,5,27,1,1,0,1,254,1660,292,436,175
37,12,5,28,1,1,0,1,292,1698,330,438,176
37,12,5,29,1,1,0,1,330,1736,368,440,177
37,12,5,30,1,1,0,1,368,1774,406,442,178
37,12,5,31,2,2,0,1,406,1812,444,444,179
37,12,5,32,2,2,0,1,444,1850,50,446,180
37,12,5,33,1,1,0,1,50,1456,88,448,181
37,12,5,34,1,1,0,1,88,1494,126,450,182
37,12,5,35,1,1,0,1,126,1532,164,452,183
37,12,5,36,1,1,0,1,164,1570,202,454,184
37,12,6,27,1,1,0,1,292,1698,330,510,212
37,12,6,28,1,1,0,1,330,1736,368,512,213
37,12,6,29,1,1,0,1,368,1774,406,514,214
37,12,6,30,1,1,0,1,406,1812,444,516,215
37,12,6,31,1,1,0,1,444,1850,50,518,216
37,12,6,32,1,1,0,1,50,1456,88,520,217
37,12,6,33,1,1,0,1,88,1494,126,522,218
37,12,6,34,1,1,0,1,126,1532,164,524,219
37,12,6,35,1,1,0,1,164,1570,202,526,220
37,12,6,36,1,1,0,1,202,1608,240,528,221
37,12,7,27,1,1,0,1,330,1736,368,584,249
37,12,7,28,1,1,1,1,368,1774,406,586,250
37,12,7,29,1,1,0,1,406,1812,444,588,251
37,12,7,30,1,1,0,1,444,1850,50,590,252
37,12,7,31,1,1,0,1,50,1456,88,592,253
37,12,7,32,1,1,0,1,88,1494,126,594,254
37,12,7,33,1,1,0,1,126,1532,164,596,255
37,12,7,34,1,1,0,1,164,1570,202,598,256
37,12,7,35,1,1,1,1,202,1608,240,600,257
37,12,7,36,1,1,0,1,240,1646,278,602,258
37,12,8,27,1,1,0,1,368,1774,406,658,286
37,12,8,28,1,1,0,1,406,1812,444,660,287
37,12,8,29,1,1,0,1,444,1850,50,662,288
37,12,8,30,1,1,0,1,50,1456,88,664,289
37,12,8,31,0,1,0,1,88,1494,126,666,290
37,12,8,32,0,1,0,1,126,1532,164,668,291
37,12,8,33,1,1,0,1,164,1570,202,670,292
37,12,8,34,1,1,0,1,202,1608,240,672,293
37,12,8,35,1,1,0,1,240,1646,278,674,294
37,12,8,36,1,1,0,1,278,1684,316,676,295
37,12,9,27,1,1,0,1,406,1812,444,732,323
37,12,9,28,1,1,0,1,444,1850,50,734,324
37,12,9,29,1,1,0,1,50,1456,88,736,325
37,12,9,30,1,1,0,1,88,1494,126,738,326
37,12,9,31,1,1,0,1,126,1532,164,740,327
37,12,9,32,1,1,0,1,164,1570,202,742,328
37,12,9,33,1,1,0,1,202,1608,240,744,329
37,12,9,34,1,1,0,1,240,1646,278,746,330
37,12,9,35,1,1,0,1,278,1684,316,748,331
37,12,9,36,1,1,0,1,316,1722,354,750,332
37,12,10,27,1,1,0,1,444,1850,50,806,360
37,12,10,28,1,1,0,1,50,1456,88,808,361
37,12,10,29,1,1,0,1,88,1494,126,810,362
37,12,10,30,1,1,0,1,126,1532,164,812,363
37,12,10,31,1,1,0,1,164,1570,202,814,364
37,12,10,32,1,1,0,1,202,1608,240,816,365
37,12,10,33,1,1,0,1,240,1646,278,818,366
37,12,10,34,1,1,0,1,278,1684,316,820,367
37,12,10,35,1,1,0,1,316,1722,354,822,368
37,12,10,36,1,1,0,1,354,1760,392,824,369
37,12,11,27,1,1,0,1,50,1456,88,880,397
37,12,11,28,1,1,0,1,88,1494,126,882,398
37,12,11,29,1,1,0,1,126,1532,164,884,399
37,12,11,30,1,1,0,1,164,1570,202,886,400
37,12,11,31,1,1,0,1,202,1608,240,888,401
37,12,11,32,1,1,0,1,240,1646,278,890,402
37,12,11,33,1,1,0,1,278,1684,316,892,403
37,12,11,34,1,1,0,1,316,1722,354,894,404
37,12,11,35,1,1,0,1,354,1760,392,896,405
37,12,11,36,1,1,0,1,392,1798,430,898,406
37,12,12,27,1,1,0,1,88,1494,126,954,434
37,12,12,28,1,1,0,1,126,1532,164,956,435
37,12,12,29,1,1,0,1,164,1570,202,958,436
37,12,12,30,1,1,0,1,202,1608,240,960,437
37,12,12,31,1,1,0,1,240,1646,278,962,438
37,12,12,32,1,1,0,1,278,1684,316,964,439
37,12,12,33,1,1,0,1,316,1722,354,966,440
37,12,12,34,1,1,0,1,354,1760,392,968,441
37,12,12,35,1,1,0,1,392,1798,430,970,442
37,12,12,36,1,1,0,1,430,1836,468,972,443
37,12,13,27,1,1,0,1,126,1532,164,1028,471
37,12,13,28,1,1,0,1,164,1570,202,1030,472
37,12,13,29,1,1,0,1,202,1608,240,1032,473
37,12,13,30,1,1,0,1,240,1646,278,1034,474
37,12,13,31,1,1,0,1,278,1684,316,1036,475
37,12,13,32,1,1,0,1,316,1722,354,1038,476
37,12,13,33,1,1,0,1,354,1760,392,1040,477
37,12,13,34,1,1,0,1,392,1798,430,1042,478
37,12,13,35,1,1,0,1,430,1836,468,1044,479
37,12,13,36,1,1,0,1,468,1874,506,1046,480
37,12,14,27,1,1,0,1,164,1570,202,1102,508
37,12,14,28,1,1,0,1,202,1608,240,1104,509
37,12,14,29,1,1,0,1,240,1646,278,1106,510
37,12,14,30,1,1,0,1,278,1684,316,1108,511
37,12,14,31,1,1,0,1,316,1722,354,1110,512
37,12,14,32,1,1,0,1,354,1760,392,1112,513
37,12,14,33,1,1,0,1,392,1798,430,1114,514
37,12,14,34,1,1,0,1,430,1836,468,1116,515
37,12,14,35,1,1,0,1,468,1874,506,1118,516
37,12,14,36,1,1,0,1,506,1912,544,1120,517
37,12,15,27,1,1,0,1,202,1608,240,1176,545
37,12,15,28,1,1,0,1,240,1646,278,1178,546
37,12,15,29,1,1,0,1,278,1684,316,1180,547
37,12,15,30,1,1,0,1,316,1722,354,1182,548
37,12,15,31,1,1,0,1,354,1760,392,1184,549
37,12,15,32,1,1,0,1,392,1798,430,1186,550
37,12,15,33,1,1,0,1,430,1836,468,1188,551
37,12,15,34,1,1,0,1,468,1874,506,1190,552
37,12,15,35,1,1,0,1,506,1912,544,1192,553
37,12,15,36,1,1,0,1,544,1950,582,1194,554
37,12,16,27,1,1,0,1,240,1646,278,1250,582
37,12,16,28,1,1,0,1,278,1684,316,1252,583
37,12,16,29,1,1,1,1,316,1722,354,1254,584
37,12,16,30,1,1,0,1,354,1760,392,1256,585
37,12,16,31,1,1,0,1,392,1798,430,1258,586
37,12,16,32,1,1,0,1,430,1836,468,1260,587
37,12,16,33,1,1,0,1,468,1874,506,1262,588
37,12,16,34,1,1,1,1,506,1912,544,1264,589
37,12,16,35,1,1,0,1,544,1950,582,1266,590
37,12,16,36,1,1,0,1,582,1988,620,1268,591
37,12,17,27,1,1,0,1,278,1684,316,1324,619
37,12,17,28,1,1,0,1,316,1722,354,1326,620
37,12,17,29,1,1,0,1,354,1760,392,1328,621
37,12,17,30,1,1,0,1,392,1798,430,1330,622
37,12,17,31,1,1,0,1,430,1836,468,1332,623
37,12,17,32,1,1,0,1,468,1874,506,1334,624
37,12,17,33,1,1,0,1,506,1912,544,1336,625
37,12,17,34,1,1,0,1,544,1950,582,1338,626
37,12,17,35,1,1,0,1,582,1988,620,1340,627
37,12,17,36,1,1,0,1,620,2026,658,1342,628
37,12,18,27,1,1,0,1,316,1722,354,1398,656
37,12,18,28,1,1,0,1,354,1760,392,1400,657
37,12,18,29,1,1,0,1,392,1798,430,1402,658
37,12,18,30,1,1,1,1,430,1836,468,1404,659
37,12,18,31,1,1,0,1,468,1874,506,1406,660
37,12,18,32,1,1,0,1,506,1912,544,1408,661
37,12,18,33,1,1,1,1,544,1950,582,1410,662
37,12,18,34,1,1,0,1,582,1988,620,1412,663
37,12,18,35,1,1,0,1,620,2026,658,1414,664
37,12,18,36,1,1,0,1,658,2064,696,1416,665
37,12,19,27,1,1,0,1,354,1760,392,1472,693
37,12,19,28,1,1,0,1,392,1798,430,1474,694
37,12,19,29,1,1,0,1,430,1836,468,1476,695
37,12,19,30,1,1,0,1,468,1874,506,1478,696
37,12,19,31,1,1,0,1,506,1912,544,1480,697
37,12,19,32,1,1,0,1,544,1950,582,1482,698
37,12,19,33,1,1,0,1,582,1988,620,1484,699
37,12,19,34,1,1,0,1,620,2026,658,1486,700
37,12,19,35,1,1,0,1,658,2064,696,1488,701
37,12,19,36,1,1,0,1,696,2102,734,1490,702
37,12,20,27,1,1,0,1,392,1798,430,1546,730
37,12,20,28,1,1,0,1,430,1836,468,1548,731
37,12,20,29,1,1,1,1,468,1874,506,1550,732
37,12,20,30,1,1,0,1,506,1912,544,1552,733
37,12,20,31,1,1,0,1,544,1950,582,1554,734
37,12,20,32,1,1,0,1,582,1988,620,1556,735
37,12,20,33,1,1,0,1,620,2026,658,1558,736
37,12,20,34,1,1,1,1,658,2064,696,1560,737
37,12,20,35,1,1,0,1,696,2102,734,1562,738
37,12,20,36,1,1,0,1,734,2140,772,1564,739
37,12,21,27,1,1,0,1,430,1836,468,1620,767
37,12,21,28,1,1,0,1,468,1874,506,1622,768
37,12,21,29,1,1,0,1,506,1912,544,1624,769
37,12,21,30,1,1,0,1,544,1950,582,1626,770
37,12,21,31,1,1,0,1,582,1988,620,1628,771
37,12,21,32,1,1,0,1,620,2026,658,1630,772
37,12,21,33,1,1,0,1,658,2064,696,1632,773
37,12,21,34,1,1,0,1,696,2102,734,1634,774
37,12,21,35,1,1,0,1,734,2140,772,1636,775
37,12,21,36,1,1,0,1,772,2178,810,1638,776
37,12,22,27,1,1,0,1,468,1874,506,1694,804
37,12,22,28,1,1,0,1,506,1912,544,1696,805
37,12,22,29,1,1,0,1,544,1950,582,1698,806
37,12,22,30,1,1,0,1,582,1988,620,1700,807
37,12,22,31,1,1,0,1,620,2026,658,1702,808
37,12,22,32,1,1,0,1,658,2064,696,1704,809
37,12,22,33,1,1,0,1,696,2102,734,1706,810
37,12,22,34,1,1,0,1,734,2140,772,1708,811
37,12,22,35,1,1,0,1,772,2178,810,1710,812
37,12,22,36,1,1,0,1,810,2216,848,1712,813
37,12,23,27,1,1,0,1,506,1912,544,1768,841
37,12,23,28,1,1,0,1,544,1950,582,1770,842
37,12,23,29,1,1,0,1,582,1988,620,1772,843
37,12,23,30,1,1,0,1,620,2026,658,1774,844
37,12,23,31,1,1,0,1,658,2064,696,1776,845
37,12,23,32,1,1,0,1,696,2102,734,1778,846
37,12,23,33,1,1,0,1,734,2140,772,1780,847
37,12,23,34,1,1,0,1,772,2178,810,1782,848
37,12,23,35,1,1,0,1,810,2216,848,1784,849
37,12,23,36,1,1,0,1,848,2254,886,1786,850
37,12,24,27,1,1,0,1,544,1950,582,1842,878
37,12,24,28,1,1,0,1,582,1988,620,1844,879
37,12,24,29,1,1,0,1,620,2026,658,1846,880
37,12,24,30,1,1,0,1,658,2064,696,1848,881
37,12,24,31,1,1,0,1,696,2102,734,1850,882
37,12,24,32,1,1,0,1,734,2140,772,1852,883
37,12,24,33,1,1,0,1,772,2178,810,1854,884
37,12,24,34,1,1,0,1,810,2216,848,1856,885
37,12,24,35,1,1,0,1,848,2254,886,1858,886
37,12,24,36,1,1,0,1,886,2292,924,1860,887
37,12,25,27,1,1,0,1,582,1988,620,1916,915
37,12,25,28,1,1,0,1,620,2026,658,1918,916
37,12,25,29,1,1,0,1,658,2064,696,1920,917
37,12,25,30,1,1,0,1,696,2102,734,1922,918
37,12,25,31,1,1,0,1,734,2140,772,1924,919
37,12,25,32,1,1,0,1,772,2178,810,1926,920
37,12,25,33,1,1,0,1,810,2216,848,1928,921
37,12,25,34,1,1,0,1,848,2254,886,1930,922
37,12,25,35,1,1,0,1,886,2292,924,1932,923
37,12,25,36,1,1,0,1,924,2330,962,1934,924
37,12,26,27,1,1,0,1,620,2026,658,1990,952
37,12,26,28,1,1,0,1,658,2064,696,1992,953
37,12,26,29,1,1,0,1,696,2102,734,1994,954
37,12,26,30,1,1,0,1,734,2140,772,1996,955
37,12,26,31,1,1,0,1,772,2178,810,1998,956
37,12,26,32,1,1,0,1,810,2216,848,2000,957
37,12,26,33,1,1,0,1,848,2254,886,2002,958
37,12,26,34,1,1,0,1,886,2292,924,2004,959
37,12,26,35,1,1,0,1,924,2330,962,2006,960
37,12,26,36,1,1,0,1,962,2368,64,2008,961
37,12,27,27,0,0,0,1,658,2064,696,2064,989
37,12,27,28,1,1,0,1,696,2102,734,2066,990
37,12,27,29,1,1,0,1,734,2140,772,2068,991
37,12,27,30,1,1,0,1,772,2178,810,2070,992
37,12,27,31,0,1,0,1,810,2216,848,2072,993
37,12,27,32,0,1,0,1,848,2254,886,2074,994
37,12,27,33,1,1,0,1,886,2292,924,2076,995
37,12,27,34,1,1,0,1,924,2330,962,2078,996
37,12,27,35,1,1,0,1,962,2368,64,2080,997
37,12,27,36,0,0,0,1,64,1470,102,2082,998
37,12,28,27,0,0,0,1,696,2102,734,2138,1026
37,12,28,28,0,0,0,1,734,2140,772,2140,1027
37,12,28,29,1,1,0,1,772,2178,810,2142,1028
37,12,28,30,1,1,0,1,810,2216,848,2144,1029
37,12,28,31,1,1,0,1,848,2254,886,2146,1030
37,12,28,32,1,1,0,1,886,2292,924,2148,1031
37,12,28,33,1,1,0,1,924,2330,962,2150,1032
37,12,28,34,1,1,0,1,962,2368,64,2152,1033
37,12,28,35,0,0,0,1,64,1470,102,2154,1034
37,12,28,36,0,0,0,1,102,1508,140,2156,1035
37,12,29,27,0,0,0,1,734,2140,772,2212,1063
37,12,29,28,0,0,1,1,772,2178,810,2214,1064
37,12,29,29,0,0,0,1,810,2216,848,2216,1065
37,12,29,30,1,1,0,1,848,2254,886,2218,1066
37,12,29,31,1,1,0,1,886,2292,924,2220,1067
37,12,29,32,1,1,0,1,924,2330,962,2222,1068
37,12,29,33,1,1,0,1,962,2368,64,2224,1069
37,12,29,34,0,0,0,1,64,1470,102,2226,1070
37,12,29,35,0,0,1,1,102,1508,140,2228,1071
37,12,29,36,0,0,0,1,140,1546,178,2230,1072
37,12,30,27,0,0,0,1,772,2178,810,2286,1100
37,12,30,28,0,0,0,1,810,2216,848,2288,1101
37,12,30,29,0,0,0,1,848,2254,886,2290,1102
37,12,30,30,0,0,0,1,886,2292,924,2292,1103
37,12,30,31,1,1,0,1,924,2330,962,2294,1104
37,12,30,32,1,1,0,1,962,2368,64,2296,1105
37,12,30,33,0,0,0,1,64,1470,102,2298,1106
37,12,30,34,0,0,0,1,102,1508,140,2300,1107
37,12,30,35,0,0,0,1,140,1546,178,2302,1108
37,12,30,36,0,0,0,1,178,1584,216,2304,1109
37,12,31,27,0,0,0,1,810,2216,848,2360,1137
37,12,31,28,0,0,0,1,848,2254,886,2362,1138
37,12,31,29,0,0,0,1,886,2292,924,2364,1139
37,12,31,30,0,0,0,1,924,2330,962,2366,1140
37,12,31,31,0,0,0,1,962,2368,64,2368,1141
37,12,31,32,0,0,0,1,64,1470,102,2370,1142
37,12,31,33,0,0,0,1,102,1508,140,2372,1143
37,12,31,34,0,0,0,1,140,1546,178,2374,1144
37,12,31,35,0,0,0,1,178,1584,216,2376,1145
37,12,31,36,0,0,0,1,216,1622,254,2378,1146
37,12,32,27,0,0,0,1,848,2254,886,2434,1174
37,12,32,28,0,0,0,1,886,2292,924,2436,1175
37,12,32,29,0,0,0,1,924,2330,962,2438,1176
37,12,32,30,0,0,0,1,962,2368,64,2440,1177
37,12,32,31,0,0,0,1,64,1470,102,2442,1178
37,12,32,32,0,0,0,1,102,1508,140,2444,1179
37,12,32,33,0,0,0,1,140,1546,178,2446,1180
37,12,32,34,0,0,0,1,178,1584,216,2448,1181
37,12,32,35,0,0,0,1,216,1622,254,2450,1182
37,12,32,36,0,0,0,1,254,1660,292,2452,1183
37,12,33,27,0,0,0,1,886,2292,924,2508,1211
37,12,33,28,0,0,0,1,924,2330,962,2510,1212
37,12,33,29,0,0,0,1,962,2368,64,2512,1213
37,12,33,30,0,0,0,1,64,1470,102,2514,1214
37,12,33,31,0,0,0,1,102,1508,140,2516,1215
37,12,33,32,0,0,0,1,140,1546,178,2518,1216
37,12,33,33,0,0,0,1,178,1584,216,2520,1217
37,12,33,34,0,0,0,1,216,1622,254,2522,1218
37,12,33,35,0,0,0,1,254,1660,292,2524,1219
37,12,33,36,0,0,0,1,292,1698,330,2526,1220
37,12,34,27,0,0,0,1,924,2330,962,2582,1248
37,12,34,28,0,0,0,1,962,2368,64,2584,1249
37,12,34,29,0,0,0,1,64,1470,102,2586,1250
37,12,34,30,0,0,0,1,102,1508,140,2588,1251
37,12,34,31,0,0,0,1,140,1546,178,2590,1252
37,12,34,32,0,0,0,1,178,1584,216,2592,1253
37,12,34,33,0,0,0,1,216,1622,254,2594,1254
37,12,34,34,0,0,0,1,254,1660,292,2596,1255
37,12,34,35,0,0,0,1,292,1698,330,2598,1256
37,12,34,36,0,0,0,1,330,1736,368,2600,1257
37,12,35,27,0,0,0,1,962,2368,64,2656,1285
37,12,35,28,0,0,0,1,64,1470,102,2658,1286
37,12,35,29,0,0,0,1,102,1508,140,2660,1287
37,12,35,30,0,0,0,1,140,1546,178,2662,1288
37,12,35,31,0,0,0,1,178,1584,216,2664,1289
37,12,35,32,0,0,0,1,216,1622,254,2666,1290
37,12,35,33,0,0,0,1,254,1660,292,2668,1291
37,12,35,34,0,0,0,1,292,1698,330,2670,1292
37,12,35,35,0,0,0,1,330,1736,368,2672,1293
37,12,35,36,0,0,0,1,368,1774,406,2674,1294
