p,k,n,ip,m,line,position,endpoint,x_exponent,theta_exponent,coefficient,rank,rank_without_endpoint,column_count,separator_prefix
17,8,13,12,2,L1,0,0,9,16,3,7,6,7,6
17,8,13,12,2,L1,1,0,10,15,5,7,6,7,6
17,8,13,12,2,L1,2,0,11,14,12,7,6,7,6
17,8,13,12,2,L1,3,0,12,13,16,7,6,7,6
17,8,13,12,2,L1,4,0,13,12,6,7,6,7,6
17,8,13,12,2,L1,5,0,14,11,8,7,6,7,6
17,8,13,12,2,L1,6,1,17,8,14,7,6,7,6
17,8,13,13,2,L2,0,0,10,16,6,8,7,8,17
17,8,13,13,2,L2,1,0,11,15,8,8,7,8,17
17,8,13,13,2,L2,2,0,12,14,14,8,7,8,17
17,8,13,13,2,L2,3,0,13,13,2,8,7,8,17
17,8,13,13,2,L2,4,0,14,12,8,8,7,8,17
17,8,13,13,2,L2,5,0,15,11,7,8,7,8,17
17,8,13,13,2,L2,6,0,16,10,14,8,7,8,17
17,8,13,13,2,L2,7,1,17,9,14,8,7,8,17
17,8,14,11,1,L1,0,0,9,16,9,5,4,5,3
17,8,14,11,1,L1,1,0,10,15,9,5,4,5,3
17,8,14,11,1,L1,2,0,11,14,4,5,4,5,3
17,8,14,11,1,L1,3,0,12,13,15,5,4,5,3
17,8,14,11,1,L1,4,1,17,8,15,5,4,5,3
17,8,14,12,1,L2,0,0,10,16,9,6,5,6,15
17,8,14,12,1,L2,1,0,11,15,8,6,5,6,15
17,8,14,12,1,L2,2,0,12,14,5,6,5,6,15
17,8,14,12,1,L2,3,0,13,13,4,6,5,6,15
17,8,14,12,1,L2,4,0,14,12,11,6,5,6,15
17,8,14,12,1,L2,5,1,17,9,15,6,5,6,15
17,12,11,10,4,L1,0,0,5,16,4,11,10,11,11
17,12,11,10,4,L1,1,0,6,15,13,11,10,11,11
17,12,11,10,4,L1,2,0,7,14,9,11,10,11,11
17,12,11,10,4,L1,3,0,8,13,2,11,10,11,11
17,12,11,10,4,L1,4,0,9,12,5,11,10,11,11
17,12,11,10,4,L1,5,0,10,11,14,11,10,11,11
17,12,11,10,4,L1,6,0,11,10,3,11,10,11,11
17,12,11,10,4,L1,7,0,12,9,4,11,10,11,11
17,12,11,10,4,L1,8,0,13,8,10,11,10,11,11
17,12,11,10,4,L1,9,0,14,7,2,11,10,11,11
17,12,11,10,4,L1,10,1,17,4,12,11,10,11,11
17,12,11,11,4,L2,0,0,6,16,12,12,11,12,12
17,12,11,11,4,L2,1,0,7,15,13,12,11,12,12
17,12,11,11,4,L2,2,0,8,14,11,12,11,12,12
17,12,11,11,4,L2,3,0,9,13,14,12,11,12,12
17,12,11,11,4,L2,4,0,10,12,10,12,11,12,12
17,12,11,11,4,L2,5,0,11,11,2,12,11,12,12
17,12,11,11,4,L2,6,0,12,10,12,12,11,12,12
17,12,11,11,4,L2,7,0,13,9,9,12,11,12,12
17,12,11,11,4,L2,8,0,14,8,2,12,11,12,12
17,12,11,11,4,L2,9,0,15,7,6,12,11,12,12
17,12,11,11,4,L2,10,0,16,6,12,12,11,12,12
17,12,11,11,4,L2,11,1,17,5,12,12,11,12,12
17,12,12,9,3,L1,0,0,5,16,9,9,8,9,9
17,12,12,9,3,L1,1,0,6,15,10,9,8,9,9
17,12,12,9,3,L1,2,0,7,14,15,9,8,9,9
17,12,12,9,3,L1,3,0,8,13,4,9,8,9,9
17,12,12,9,3,L1,4,0,9,12,1,9,8,9,9
17,12,12,9,3,L1,5,0,10,11,1,9,8,9,9
17,12,12,9,3,L1,6,0,11,10,8,9,8,9,9
17,12,12,9,3,L1,7,0,12,9,13,9,8,9,9
17,12,12,9,3,L1,8,1,17,4,13,9,8,9,9
17,12,12,10,3,L2,0,0,6,16,7,10,9,10,10
17,12,12,10,3,L2,1,0,7,15,14,10,9,10,10
17,12,12,10,3,L2,2,0,8,14,5,10,9,10,10
17,12,12,10,3,L2,3,0,9,13,4,10,9,10,10
17,12,12,10,3,L2,4,0,10,12,1,10,9,10,10
17,12,12,10,3,L2,5,0,11,11,16,10,9,10,10
17,12,12,10,3,L2,6,0,12,10,10,10,9,10,10
17,12,12,10,3,L2,7,0,13,9,8,10,9,10,10
17,12,12,10,3,L2,8,0,14,8,5,10,9,10,10
17,12,12,10,3,L2,9,1,17,5,13,10,9,10,10
17,12,13,8,2,L1,0,0,5,16,12,7,6,7,9
17,12,13,8,2,L1,1,0,6,15,16,7,6,7,9
17,12,13,8,2,L1,2,0,7,14,16,7,6,7,9
17,12,13,8,2,L1,3,0,8,13,8,7,6,7,9
17,12,13,8,2,L1,4,0,9,12,1,7,6,7,9
17,12,13,8,2,L1,5,0,10,11,6,7,6,7,9
17,12,13,8,2,L1,6,1,17,4,14,7,6,7,9
17,12,13,9,2,L2,0,0,6,16,16,8,7,8,8
17,12,13,9,2,L2,1,0,7,15,7,8,7,8,8
17,12,13,9,2,L2,2,0,8,14,3,8,7,8,8
17,12,13,9,2,L2,3,0,9,13,5,8,7,8,8
17,12,13,9,2,L2,4,0,10,12,5,8,7,8,8
17,12,13,9,2,L2,5,0,11,11,6,8,7,8,8
17,12,13,9,2,L2,6,0,12,10,14,8,7,8,8
17,12,13,9,2,L2,7,1,17,5,14,8,7,8,8
17,12,14,7,1,L1,0,0,5,16,15,5,4,5,7
17,12,14,7,1,L1,1,0,6,15,12,5,4,5,7
17,12,14,7,1,L1,2,0,7,14,6,5,4,5,7
17,12,14,7,1,L1,3,0,8,13,1,5,4,5,7
17,12,14,7,1,L1,4,1,17,4,15,5,4,5,7
17,12,14,8,1,L2,0,0,6,16,5,6,5,6,6
17,12,14,8,1,L2,1,0,7,15,5,6,5,6,6
17,12,14,8,1,L2,2,0,8,14,11,6,5,6,6
17,12,14,8,1,L2,3,0,9,13,12,6,5,6,6
17,12,14,8,1,L2,4,0,10,12,4,6,5,6,6
17,12,14,8,1,L2,5,1,17,5,15,6,5,6,6
19,12,13,12,4,L1,0,0,7,18,1,11,10,11,11
19,12,13,12,4,L1,1,0,8,17,15,11,10,11,11
19,12,13,12,4,L1,2,0,9,16,18,11,10,11,11
19,12,13,12,4,L1,3,0,10,15,7,11,10,11,11
19,12,13,12,4,L1,4,0,11,14,14,11,10,11,11
19,12,13,12,4,L1,5,0,12,13,4,11,10,11,11
19,12,13,12,4,L1,6,0,13,12,6,11,10,11,11
19,12,13,12,4,L1,7,0,14,11,14,11,10,11,11
19,12,13,12,4,L1,8,0,15,10,16,11,10,11,11
19,12,13,12,4,L1,9,0,16,9,15,11,10,11,11
19,12,13,12,4,L1,10,1,19,6,14,11,10,11,11
19,12,13,13,4,L2,0,0,8,18,13,12,11,12,12
19,12,13,13,4,L2,1,0,9,17,10,12,11,12,12
19,12,13,13,4,L2,2,0,10,16,5,12,11,12,12
19,12,13,13,4,L2,3,0,11,15,7,12,11,12,12
19,12,13,13,4,L2,4,0,12,14,18,12,11,12,12
19,12,13,13,4,L2,5,0,13,13,12,12,11,12,12
19,12,13,13,4,L2,6,0,14,12,15,12,11,12,12
19,12,13,13,4,L2,7,0,15,11,18,12,11,12,12
19,12,13,13,4,L2,8,0,16,10,15,12,11,12,12
19,12,13,13,4,L2,9,0,17,9,7,12,11,12,12
19,12,13,13,4,L2,10,0,18,8,14,12,11,12,12
19,12,13,13,4,L2,11,1,19,7,14,12,11,12,12
19,12,14,11,3,L1,0,0,7,18,1,9,8,9,9
19,12,14,11,3,L1,1,0,8,17,18,9,8,9,9
19,12,14,11,3,L1,2,0,9,16,1,9,8,9,9
19,12,14,11,3,L1,3,0,10,15,14,9,8,9,9
19,12,14,11,3,L1,4,0,11,14,6,9,8,9,9
19,12,14,11,3,L1,5,0,12,13,7,9,8,9,9
19,12,14,11,3,L1,6,0,13,12,10,9,8,9,9
19,12,14,11,3,L1,7,0,14,11,12,9,8,9,9
19,12,14,11,3,L1,8,1,19,6,15,9,8,9,9
19,12,14,12,3,L2,0,0,8,18,12,10,9,10,10
19,12,14,12,3,L2,1,0,9,17,3,10,9,10,10
19,12,14,12,3,L2,2,0,10,16,17,10,9,10,10
19,12,14,12,3,L2,3,0,11,15,15,10,9,10,10
19,12,14,12,3,L2,4,0,12,14,7,10,9,10,10
19,12,14,12,3,L2,5,0,13,13,1,10,9,10,10
19,12,14,12,3,L2,6,0,14,12,15,10,9,10,10
19,12,14,12,3,L2,7,0,15,11,9,10,9,10,10
19,12,14,12,3,L2,8,0,16,10,12,10,9,10,10
19,12,14,12,3,L2,9,1,19,7,15,10,9,10,10
19,12,15,10,2,L1,0,0,7,18,2,7,6,7,7
19,12,15,10,2,L1,1,0,8,17,4,7,6,7,7
19,12,15,10,2,L1,2,0,9,16,10,7,6,7,7
19,12,15,10,2,L1,3,0,10,15,8,7,6,7,7
19,12,15,10,2,L1,4,0,11,14,18,7,6,7,7
19,12,15,10,2,L1,5,0,12,13,7,7,6,7,7
19,12,15,10,2,L1,6,1,19,6,16,7,6,7,7
19,12,15,11,2,L2,0,0,8,18,4,8,7,8,8
19,12,15,11,2,L2,1,0,9,17,15,8,7,8,8
19,12,15,11,2,L2,2,0,10,16,1,8,7,8,8
19,12,15,11,2,L2,3,0,11,15,14,8,7,8,8
19,12,15,11,2,L2,4,0,12,14,10,8,7,8,8
19,12,15,11,2,L2,5,0,13,13,17,8,7,8,8
19,12,15,11,2,L2,6,0,14,12,9,8,7,8,8
19,12,15,11,2,L2,7,1,19,7,16,8,7,8,8
19,12,16,9,1,L1,0,0,7,18,5,5,4,5,5
19,12,16,9,1,L1,1,0,8,17,6,5,4,5,5
19,12,16,9,1,L1,2,0,9,16,17,5,4,5,5
19,12,16,9,1,L1,3,0,10,15,2,5,4,5,5
19,12,16,9,1,L1,4,1,19,6,17,5,4,5,5
19,12,16,10,1,L2,0,0,8,18,9,6,5,6,6
19,12,16,10,1,L2,1,0,9,17,13,6,5,6,6
19,12,16,10,1,L2,2,0,10,16,18,6,5,6,6
19,12,16,10,1,L2,3,0,11,15,12,6,5,6,6
19,12,16,10,1,L2,4,0,12,14,11,6,5,6,6
19,12,16,10,1,L2,5,1,19,7,17,6,5,6,6
19,16,11,10,6,L1,0,0,3,18,7,15,14,15,15
19,16,11,10,6,L1,1,0,4,17,16,15,14,15,15
19,16,11,10,6,L1,2,0,5,16,13,15,14,15,15
19,16,11,10,6,L1,3,0,6,15,2,15,14,15,15
19,16,11,10,6,L1,4,0,7,14,9,15,14,15,15
19,16,11,10,6,L1,5,0,8,13,2,15,14,15,15
19,16,11,10,6,L1,6,0,9,12,10,15,14,15,15
19,16,11,10,6,L1,7,0,10,11,6,15,14,15,15
19,16,11,10,6,L1,8,0,11,10,12,15,14,15,15
19,16,11,10,6,L1,9,0,12,9,17,15,14,15,15
19,16,11,10,6,L1,10,0,13,8,16,15,14,15,15
19,16,11,10,6,L1,11,0,14,7,12,15,14,15,15
19,16,11,10,6,L1,12,0,15,6,11,15,14,15,15
19,16,11,10,6,L1,13,0,16,5,2,15,14,15,15
19,16,11,10,6,L1,14,1,19,2,12,15,14,15,15
19,16,11,11,6,L2,0,0,4,18,15,16,15,16,16
19,16,11,11,6,L2,1,0,5,17,16,16,15,16,16
19,16,11,11,6,L2,2,0,6,16,15,16,15,16,16
19,16,11,11,6,L2,3,0,7,15,5,16,15,16,16
19,16,11,11,6,L2,4,0,8,14,3,16,15,16,16
19,16,11,11,6,L2,5,0,9,13,14,16,15,16,16
19,16,11,11,6,L2,6,0,10,12,7,16,15,16,16
19,16,11,11,6,L2,7,0,11,11,6,16,15,16,16
19,16,11,11,6,L2,8,0,12,10,10,16,15,16,16
19,16,11,11,6,L2,9,0,13,9,13,16,15,16,16
19,16,11,11,6,L2,10,0,14,8,2,16,15,16,16
19,16,11,11,6,L2,11,0,15,7,10,16,15,16,16
19,16,11,11,6,L2,12,0,16,6,2,16,15,16,16
19,16,11,11,6,L2,13,0,17,5,6,16,15,16,16
19,16,11,11,6,L2,14,0,18,4,12,16,15,16,16
19,16,11,11,6,L2,15,1,19,3,12,16,15,16,16
19,16,12,9,5,L1,0,0,3,18,2,13,12,13,13
19,16,12,9,5,L1,1,0,4,17,7,13,12,13,13
19,16,12,9,5,L1,2,0,5,16,18,13,12,13,13
19,16,12,9,5,L1,3,0,6,15,2,13,12,13,13
19,16,12,9,5,L1,4,0,7,14,11,13,12,13,13
19,16,12,9,5,L1,5,0,8,13,8,13,12,13,13
19,16,12,9,5,L1,6,0,9,12,11,13,12,13,13
19,16,12,9,5,L1,7,0,10,11,2,13,12,13,13
19,16,12,9,5,L1,8,0,11,10,9,13,12,13,13
19,16,12,9,5,L1,9,0,12,9,1,13,12,13,13
19,16,12,9,5,L1,10,0,13,8,15,13,12,13,13
19,16,12,9,5,L1,11,0,14,7,18,13,12,13,13
19,16,12,9,5,L1,12,1,19,2,13,13,12,13,13
19,16,12,10,5,L2,0,0,4,18,11,14,13,14,14
19,16,12,10,5,L2,1,0,5,17,3,14,13,14,14
19,16,12,10,5,L2,2,0,6,16,18,14,13,14,14
19,16,12,10,5,L2,3,0,7,15,5,14,13,14,14
19,16,12,10,5,L2,4,0,8,14,18,14,13,14,14
19,16,12,10,5,L2,5,0,9,13,14,14,13,14,14
19,16,12,10,5,L2,6,0,10,12,16,14,13,14,14
19,16,12,10,5,L2,7,0,11,11,13,14,13,14,14
19,16,12,10,5,L2,8,0,12,10,1,14,13,14,14
19,16,12,10,5,L2,9,0,13,9,11,14,13,14,14
19,16,12,10,5,L2,10,0,14,8,13,14,13,14,14
19,16,12,10,5,L2,11,0,15,7,4,14,13,14,14
19,16,12,10,5,L2,12,0,16,6,18,14,13,14,14
19,16,12,10,5,L2,13,1,19,3,13,14,13,14,14
19,16,13,8,4,L1,0,0,3,18,4,11,10,11,11
19,16,13,8,4,L1,1,0,4,17,8,11,10,11,11
19,16,13,8,4,L1,2,0,5,16,17,11,10,11,11
19,16,13,8,4,L1,3,0,6,15,1,11,10,11,11
19,16,13,8,4,L1,4,0,7,14,16,11,10,11,11
19,16,13,8,4,L1,5,0,8,13,13,11,10,11,11
19,16,13,8,4,L1,6,0,9,12,4,11,10,11,11
19,16,13,8,4,L1,7,0,10,11,7,11,10,11,11
19,16,13,8,4,L1,8,0,11,10,11,11,10,11,11
19,16,13,8,4,L1,9,0,12,9,18,11,10,11,11
19,16,13,8,4,L1,10,1,19,2,14,11,10,11,11
19,16,13,9,4,L2,0,0,4,18,9,12,11,12,12
19,16,13,9,4,L2,1,0,5,17,15,12,11,12,12
19,16,13,9,4,L2,2,0,6,16,8,12,11,12,12
19,16,13,9,4,L2,3,0,7,15,6,12,11,12,12
19,16,13,9,4,L2,4,0,8,14,13,12,11,12,12
19,16,13,9,4,L2,5,0,9,13,6,12,11,12,12
19,16,13,9,4,L2,6,0,10,12,8,12,11,12,12
19,16,13,9,4,L2,7,0,11,11,17,12,11,12,12
19,16,13,9,4,L2,8,0,12,10,4,12,11,12,12
19,16,13,9,4,L2,9,0,13,9,3,12,11,12,12
19,16,13,9,4,L2,10,0,14,8,15,12,11,12,12
19,16,13,9,4,L2,11,1,19,3,14,12,11,12,12
19,16,14,7,3,L1,0,0,3,18,9,9,8,9,9
19,16,14,7,3,L1,1,0,4,17,14,9,8,9,9
19,16,14,7,3,L1,2,0,5,16,14,9,8,9,9
19,16,14,7,3,L1,3,0,6,15,14,9,8,9,9
19,16,14,7,3,L1,4,0,7,14,10,9,8,9,9
19,16,14,7,3,L1,5,0,8,13,12,9,8,9,9
19,16,14,7,3,L1,6,0,9,12,15,9,8,9,9
19,16,14,7,3,L1,7,0,10,11,4,9,8,9,9
19,16,14,7,3,L1,8,1,19,2,15,9,8,9,9
19,16,14,8,3,L2,0,0,4,18,14,10,9,10,10
19,16,14,8,3,L2,1,0,5,17,6,10,9,10,10
19,16,14,8,3,L2,2,0,6,16,16,10,9,10,10
19,16,14,8,3,L2,3,0,7,15,9,10,9,10,10
19,16,14,8,3,L2,4,0,8,14,18,10,9,10,10
19,16,14,8,3,L2,5,0,9,13,7,10,9,10,10
19,16,14,8,3,L2,6,0,10,12,17,10,9,10,10
19,16,14,8,3,L2,7,0,11,11,5,10,9,10,10
19,16,14,8,3,L2,8,0,12,10,3,10,9,10,10
19,16,14,8,3,L2,9,1,19,3,15,10,9,10,10
19,16,15,6,2,L1,0,0,3,18,6,7,6,7,8
19,16,15,6,2,L1,1,0,4,17,13,7,6,7,8
19,16,15,6,2,L1,2,0,5,16,15,7,6,7,8
19,16,15,6,2,L1,3,0,6,15,9,7,6,7,8
19,16,15,6,2,L1,4,0,7,14,10,7,6,7,8
19,16,15,6,2,L1,5,0,8,13,4,7,6,7,8
19,16,15,6,2,L1,6,1,19,2,16,7,6,7,8
19,16,15,7,2,L2,0,0,4,18,1,8,7,8,8
19,16,15,7,2,L2,1,0,5,17,1,8,7,8,8
19,16,15,7,2,L2,2,0,6,16,1,8,7,8,8
19,16,15,7,2,L2,3,0,7,15,17,8,7,8,8
19,16,15,7,2,L2,4,0,8,14,9,8,7,8,8
19,16,15,7,2,L2,5,0,9,13,16,8,7,8,8
19,16,15,7,2,L2,6,0,10,12,3,8,7,8,8
19,16,15,7,2,L2,7,1,19,3,16,8,7,8,8
19,16,16,5,1,L1,0,0,3,18,15,5,4,5,5
19,16,16,5,1,L1,1,0,4,17,10,5,4,5,5
19,16,16,5,1,L1,2,0,5,16,16,5,4,5,5
19,16,16,5,1,L1,3,0,6,15,7,5,4,5,5
19,16,16,5,1,L1,4,1,19,2,17,5,4,5,5
19,16,16,6,1,L2,0,0,4,18,15,6,5,6,6
19,16,16,6,1,L2,1,0,5,17,10,6,5,6,6
19,16,16,6,1,L2,2,0,6,16,6,6,5,6,6
19,16,16,6,1,L2,3,0,7,15,13,6,5,6,6
19,16,16,6,1,L2,4,0,8,14,9,6,5,6,6
19,16,16,6,1,L2,5,1,19,3,17,6,5,6,6
23,12,17,16,4,L1,0,0,11,22,5,10,9,11,10
23,12,17,16,4,L1,1,0,12,21,4,10,9,11,10
23,12,17,16,4,L1,2,0,13,20,16,10,9,11,10
23,12,17,16,4,L1,3,0,14,19,10,10,9,11,10
23,12,17,16,4,L1,4,0,15,18,2,10,9,11,10
23,12,17,16,4,L1,5,0,16,17,1,10,9,11,10
23,12,17,16,4,L1,6,0,17,16,10,10,9,11,10
23,12,17,16,4,L1,7,0,18,15,13,10,9,11,10
23,12,17,16,4,L1,8,0,19,14,11,10,9,11,10
23,12,17,16,4,L1,9,0,20,13,0,10,9,11,10
23,12,17,16,4,L1,10,1,23,10,18,10,9,11,10
23,12,17,17,4,L2,0,0,12,22,12,11,10,12,11
23,12,17,17,4,L2,1,0,13,21,17,11,10,12,11
23,12,17,17,4,L2,2,0,14,20,9,11,10,12,11
23,12,17,17,4,L2,3,0,15,19,12,11,10,12,11
23,12,17,17,4,L2,4,0,16,18,4,11,10,12,11
23,12,17,17,4,L2,5,0,17,17,5,11,10,12,11
23,12,17,17,4,L2,6,0,18,16,7,11,10,12,11
23,12,17,17,4,L2,7,0,19,15,12,11,10,12,11
23,12,17,17,4,L2,8,0,20,14,2,11,10,12,11
23,12,17,17,4,L2,9,0,21,13,6,11,10,12,11
23,12,17,17,4,L2,10,0,22,12,0,11,10,12,11
23,12,17,17,4,L2,11,1,23,11,18,11,10,12,11
23,12,18,15,3,L1,0,0,11,22,14,8,7,9,8
23,12,18,15,3,L1,1,0,12,21,11,8,7,9,8
23,12,18,15,3,L1,2,0,13,20,8,8,7,9,8
23,12,18,15,3,L1,3,0,14,19,1,8,7,9,8
23,12,18,15,3,L1,4,0,15,18,7,8,7,9,8
23,12,18,15,3,L1,5,0,16,17,12,8,7,9,8
23,12,18,15,3,L1,6,0,17,16,12,8,7,9,8
23,12,18,15,3,L1,7,0,18,15,0,8,7,9,8
23,12,18,15,3,L1,8,1,23,10,19,8,7,9,8
23,12,18,16,3,L2,0,0,12,22,18,9,8,10,9
23,12,18,16,3,L2,1,0,13,21,16,9,8,10,9
23,12,18,16,3,L2,2,0,14,20,5,9,8,10,9
23,12,18,16,3,L2,3,0,15,19,19,9,8,10,9
23,12,18,16,3,L2,4,0,16,18,17,9,8,10,9
23,12,18,16,3,L2,5,0,17,17,7,9,8,10,9
23,12,18,16,3,L2,6,0,18,16,21,9,8,10,9
23,12,18,16,3,L2,7,0,19,15,12,9,8,10,9
23,12,18,16,3,L2,8,0,20,14,0,9,8,10,9
23,12,18,16,3,L2,9,1,23,11,19,9,8,10,9
23,12,19,14,2,L1,0,0,11,22,1,6,5,7,5
23,12,19,14,2,L1,1,0,12,21,3,6,5,7,5
23,12,19,14,2,L1,2,0,13,20,20,6,5,7,5
23,12,19,14,2,L1,3,0,14,19,5,6,5,7,5
23,12,19,14,2,L1,4,0,15,18,18,6,5,7,5
23,12,19,14,2,L1,5,0,16,17,0,6,5,7,5
23,12,19,14,2,L1,6,1,23,10,20,6,5,7,5
23,12,19,15,2,L2,0,0,12,22,17,7,6,8,7
23,12,19,15,2,L2,1,0,13,21,17,7,6,8,7
23,12,19,15,2,L2,2,0,14,20,16,7,6,8,7
23,12,19,15,2,L2,3,0,15,19,19,7,6,8,7
23,12,19,15,2,L2,4,0,16,18,20,7,6,8,7
23,12,19,15,2,L2,5,0,17,17,5,7,6,8,7
23,12,19,15,2,L2,6,0,18,16,0,7,6,8,7
23,12,19,15,2,L2,7,1,23,11,20,7,6,8,7
23,12,20,13,1,L1,0,0,11,22,21,4,3,5,3
23,12,20,13,1,L1,1,0,12,21,19,4,3,5,3
23,12,20,13,1,L1,2,0,13,20,4,4,3,5,3
23,12,20,13,1,L1,3,0,14,19,0,4,3,5,3
23,12,20,13,1,L1,4,1,23,10,21,4,3,5,3
23,12,20,14,1,L2,0,0,12,22,19,5,4,6,4
23,12,20,14,1,L2,1,0,13,21,16,5,4,6,4
23,12,20,14,1,L2,2,0,14,20,17,5,4,6,4
23,12,20,14,1,L2,3,0,15,19,12,5,4,6,4
23,12,20,14,1,L2,4,0,16,18,0,5,4,6,4
23,12,20,14,1,L2,5,1,23,11,21,5,4,6,4
29,22,18,17,9,L1,0,0,7,28,27,21,20,21,21
29,22,18,17,9,L1,1,0,8,27,3,21,20,21,21
29,22,18,17,9,L1,2,0,9,26,19,21,20,21,21
29,22,18,17,9,L1,3,0,10,25,21,21,20,21,21
29,22,18,17,9,L1,4,0,11,24,26,21,20,21,21
29,22,18,17,9,L1,5,0,12,23,24,21,20,21,21
29,22,18,17,9,L1,6,0,13,22,9,21,20,21,21
29,22,18,17,9,L1,7,0,14,21,3,21,20,21,21
29,22,18,17,9,L1,8,0,15,20,22,21,20,21,21
29,22,18,17,9,L1,9,0,16,19,13,21,20,21,21
29,22,18,17,9,L1,10,0,17,18,20,21,20,21,21
29,22,18,17,9,L1,11,0,18,17,25,21,20,21,21
29,22,18,17,9,L1,12,0,19,16,17,21,20,21,21
29,22,18,17,9,L1,13,0,20,15,13,21,20,21,21
29,22,18,17,9,L1,14,0,21,14,8,21,20,21,21
29,22,18,17,9,L1,15,0,22,13,25,21,20,21,21
29,22,18,17,9,L1,16,0,23,12,20,21,20,21,21
29,22,18,17,9,L1,17,0,24,11,14,21,20,21,21
29,22,18,17,9,L1,18,0,25,10,6,21,20,21,21
29,22,18,17,9,L1,19,0,26,9,8,21,20,21,21
29,22,18,17,9,L1,20,1,29,6,19,21,20,21,21
29,22,18,18,9,L2,0,0,8,28,2,22,21,22,22
29,22,18,18,9,L2,1,0,9,27,13,22,21,22,22
29,22,18,18,9,L2,2,0,10,26,28,22,21,22,22
29,22,18,18,9,L2,3,0,11,25,10,22,21,22,22
29,22,18,18,9,L2,4,0,12,24,6,22,21,22,22
29,22,18,18,9,L2,5,0,13,23,15,22,21,22,22
29,22,18,18,9,L2,6,0,14,22,8,22,21,22,22
29,22,18,18,9,L2,7,0,15,21,4,22,21,22,22
29,22,18,18,9,L2,8,0,16,20,27,22,21,22,22
29,22,18,18,9,L2,9,0,17,19,3,22,21,22,22
29,22,18,18,9,L2,10,0,18,18,7,22,21,22,22
29,22,18,18,9,L2,11,0,19,17,19,22,21,22,22
29,22,18,18,9,L2,12,0,20,16,16,22,21,22,22
29,22,18,18,9,L2,13,0,21,15,28,22,21,22,22
29,22,18,18,9,L2,14,0,22,14,21,22,21,22,22
29,22,18,18,9,L2,15,0,23,13,2,22,21,22,22
29,22,18,18,9,L2,16,0,24,12,12,22,21,22,22
29,22,18,18,9,L2,17,0,25,11,2,22,21,22,22
29,22,18,18,9,L2,18,0,26,10,8,22,21,22,22
29,22,18,18,9,L2,19,0,27,9,24,22,21,22,22
29,22,18,18,9,L2,20,0,28,8,19,22,21,22,22
29,22,18,18,9,L2,21,1,29,7,19,22,21,22,22
29,22,19,16,8,L1,0,0,7,28,27,19,18,19,19
29,22,19,16,8,L1,1,0,8,27,21,19,18,19,19
29,22,19,16,8,L1,2,0,9,26,28,19,18,19,19
29,22,19,16,8,L1,3,0,10,25,1,19,18,19,19
29,22,19,16,8,L1,4,0,11,24,18,19,18,19,19
29,22,19,16,8,L1,5,0,12,23,26,19,18,19,19
29,22,19,16,8,L1,6,0,13,22,27,19,18,19,19
29,22,19,16,8,L1,7,0,14,21,21,19,18,19,19
29,22,19,16,8,L1,8,0,15,20,22,19,18,19,19
29,22,19,16,8,L1,9,0,16,19,8,19,18,19,19
29,22,19,16,8,L1,10,0,17,18,21,19,18,19,19
29,22,19,16,8,L1,11,0,18,17,18,19,18,19,19
29,22,19,16,8,L1,12,0,19,16,26,19,18,19,19
29,22,19,16,8,L1,13,0,20,15,22,19,18,19,19
29,22,19,16,8,L1,14,0,21,14,12,19,18,19,19
29,22,19,16,8,L1,15,0,22,13,8,19,18,19,19
29,22,19,16,8,L1,16,0,23,12,9,19,18,19,19
29,22,19,16,8,L1,17,0,24,11,5,19,18,19,19
29,22,19,16,8,L1,18,1,29,6,20,19,18,19,19
29,22,19,17,8,L2,0,0,8,28,23,20,19,20,20
29,22,19,17,8,L2,1,0,9,27,20,20,19,20,20
29,22,19,17,8,L2,2,0,10,26,16,20,19,20,20
29,22,19,17,8,L2,3,0,11,25,6,20,19,20,20
29,22,19,17,8,L2,4,0,12,24,10,20,19,20,20
29,22,19,17,8,L2,5,0,13,23,11,20,19,20,20
29,22,19,17,8,L2,6,0,14,22,23,20,19,20,20
29,22,19,17,8,L2,7,0,15,21,14,20,19,20,20
29,22,19,17,8,L2,8,0,16,20,3,20,19,20,20
29,22,19,17,8,L2,9,0,17,19,18,20,19,20,20
29,22,19,17,8,L2,10,0,18,18,8,20,19,20,20
29,22,19,17,8,L2,11,0,19,17,24,20,19,20,20
29,22,19,17,8,L2,12,0,20,16,3,20,19,20,20
29,22,19,17,8,L2,13,0,21,15,13,20,19,20,20
29,22,19,17,8,L2,14,0,22,14,8,20,19,20,20
29,22,19,17,8,L2,15,0,23,13,18,20,19,20,20
29,22,19,17,8,L2,16,0,24,12,1,20,19,20,20
29,22,19,17,8,L2,17,0,25,11,17,20,19,20,20
29,22,19,17,8,L2,18,0,26,10,13,20,19,20,20
29,22,19,17,8,L2,19,1,29,7,20,20,19,20,20
29,22,20,15,7,L1,0,0,7,28,3,17,16,17,16
29,22,20,15,7,L1,1,0,8,27,14,17,16,17,16
29,22,20,15,7,L1,2,0,9,26,26,17,16,17,16
29,22,20,15,7,L1,3,0,10,25,20,17,16,17,16
29,22,20,15,7,L1,4,0,11,24,2,17,16,17,16
29,22,20,15,7,L1,5,0,12,23,25,17,16,17,16
29,22,20,15,7,L1,6,0,13,22,1,17,16,17,16
29,22,20,15,7,L1,7,0,14,21,27,17,16,17,16
29,22,20,15,7,L1,8,0,15,20,16,17,16,17,16
29,22,20,15,7,L1,9,0,16,19,18,17,16,17,16
29,22,20,15,7,L1,10,0,17,18,1,17,16,17,16
29,22,20,15,7,L1,11,0,18,17,16,17,16,17,16
29,22,20,15,7,L1,12,0,19,16,24,17,16,17,16
29,22,20,15,7,L1,13,0,20,15,22,17,16,17,16
29,22,20,15,7,L1,14,0,21,14,6,17,16,17,16
29,22,20,15,7,L1,15,0,22,13,11,17,16,17,16
29,22,20,15,7,L1,16,1,29,6,21,17,16,17,16
29,22,20,16,7,L2,0,0,8,28,9,18,17,18,18
29,22,20,16,7,L2,1,0,9,27,12,18,17,18,18
29,22,20,16,7,L2,2,0,10,26,17,18,17,18,18
29,22,20,16,7,L2,3,0,11,25,16,18,17,18,18
29,22,20,16,7,L2,4,0,12,24,7,18,17,18,18
29,22,20,16,7,L2,5,0,13,23,24,18,17,18,18
29,22,20,16,7,L2,6,0,14,22,9,18,17,18,18
29,22,20,16,7,L2,7,0,15,21,26,18,17,18,18
29,22,20,16,7,L2,8,0,16,20,20,18,17,18,18
29,22,20,16,7,L2,9,0,17,19,9,18,17,18,18
29,22,20,16,7,L2,10,0,18,18,16,18,17,18,18
29,22,20,16,7,L2,11,0,19,17,7,18,17,18,18
29,22,20,16,7,L2,12,0,20,16,26,18,17,18,18
29,22,20,16,7,L2,13,0,21,15,1,18,17,18,18
29,22,20,16,7,L2,14,0,22,14,20,18,17,18,18
29,22,20,16,7,L2,15,0,23,13,8,18,17,18,18
29,22,20,16,7,L2,16,0,24,12,27,18,17,18,18
29,22,20,16,7,L2,17,1,29,7,21,18,17,18,18
29,22,21,14,6,L1,0,0,7,28,18,15,14,15,15
29,22,21,14,6,L1,1,0,8,27,9,15,14,15,15
29,22,21,14,6,L1,2,0,9,26,9,15,14,15,15
29,22,21,14,6,L1,3,0,10,25,5,15,14,15,15
29,22,21,14,6,L1,4,0,11,24,27,15,14,15,15
29,22,21,14,6,L1,5,0,12,23,27,15,14,15,15
29,22,21,14,6,L1,6,0,13,22,12,15,14,15,15
29,22,21,14,6,L1,7,0,14,21,20,15,14,15,15
29,22,21,14,6,L1,8,0,15,20,25,15,14,15,15
29,22,21,14,6,L1,9,0,16,19,3,15,14,15,15
29,22,21,14,6,L1,10,0,17,18,13,15,14,15,15
29,22,21,14,6,L1,11,0,18,17,3,15,14,15,15
29,22,21,14,6,L1,12,0,19,16,24,15,14,15,15
29,22,21,14,6,L1,13,0,20,15,17,15,14,15,15
29,22,21,14,6,L1,14,1,29,6,22,15,14,15,15
29,22,21,15,6,L2,0,0,8,28,5,16,15,16,16
29,22,21,15,6,L2,1,0,9,27,1,16,15,16,16
29,22,21,15,6,L2,2,0,10,26,3,16,15,16,16
29,22,21,15,6,L2,3,0,11,25,9,16,15,16,16
29,22,21,15,6,L2,4,0,12,24,11,16,15,16,16
29,22,21,15,6,L2,5,0,13,23,19,16,15,16,16
29,22,21,15,6,L2,6,0,14,22,20,16,15,16,16
29,22,21,15,6,L2,7,0,15,21,14,16,15,16,16
29,22,21,15,6,L2,8,0,16,20,23,16,15,16,16
29,22,21,15,6,L2,9,0,17,19,19,16,15,16,16
29,22,21,15,6,L2,10,0,18,18,14,16,15,16,16
29,22,21,15,6,L2,11,0,19,17,21,16,15,16,16
29,22,21,15,6,L2,12,0,20,16,12,16,15,16,16
29,22,21,15,6,L2,13,0,21,15,27,16,15,16,16
29,22,21,15,6,L2,14,0,22,14,6,16,15,16,16
29,22,21,15,6,L2,15,1,29,7,22,16,15,16,16
29,22,22,13,5,L1,0,0,7,28,11,13,12,13,13
29,22,22,13,5,L1,1,0,8,27,8,13,12,13,13
29,22,22,13,5,L1,2,0,9,26,26,13,12,13,13
29,22,22,13,5,L1,3,0,10,25,25,13,12,13,13
29,22,22,13,5,L1,4,0,11,24,21,13,12,13,13
29,22,22,13,5,L1,5,0,12,23,26,13,12,13,13
29,22,22,13,5,L1,6,0,13,22,28,13,12,13,13
29,22,22,13,5,L1,7,0,14,21,14,13,12,13,13
29,22,22,13,5,L1,8,0,15,20,2,13,12,13,13
29,22,22,13,5,L1,9,0,16,19,2,13,12,13,13
29,22,22,13,5,L1,10,0,17,18,14,13,12,13,13
29,22,22,13,5,L1,11,0,18,17,10,13,12,13,13
29,22,22,13,5,L1,12,1,29,6,23,13,12,13,13
29,22,22,14,5,L2,0,0,8,28,16,14,13,14,14
29,22,22,14,5,L2,1,0,9,27,16,14,13,14,14
29,22,22,14,5,L2,2,0,10,26,25,14,13,14,14
29,22,22,14,5,L2,3,0,11,25,19,14,13,14,14
29,22,22,14,5,L2,4,0,12,24,19,14,13,14,14
29,22,22,14,5,L2,5,0,13,23,2,14,13,14,14
29,22,22,14,5,L2,6,0,14,22,13,14,13,14,14
29,22,22,14,5,L2,7,0,15,21,9,14,13,14,14
29,22,22,14,5,L2,8,0,16,20,15,14,13,14,14
29,22,22,14,5,L2,9,0,17,19,7,14,13,14,14
29,22,22,14,5,L2,10,0,18,18,15,14,13,14,14
29,22,22,14,5,L2,11,0,19,17,4,14,13,14,14
29,22,22,14,5,L2,12,0,20,16,27,14,13,14,14
29,22,22,14,5,L2,13,1,29,7,23,14,13,14,14
29,22,23,12,4,L1,0,0,7,28,2,11,10,11,11
29,22,23,12,4,L1,1,0,8,27,23,11,10,11,11
29,22,23,12,4,L1,2,0,9,26,25,11,10,11,11
29,22,23,12,4,L1,3,0,10,25,27,11,10,11,11
29,22,23,12,4,L1,4,0,11,24,26,11,10,11,11
29,22,23,12,4,L1,5,0,12,23,8,11,10,11,11
29,22,23,12,4,L1,6,0,13,22,5,11,10,11,11
29,22,23,12,4,L1,7,0,14,21,16,11,10,11,11
29,22,23,12,4,L1,8,0,15,20,26,11,10,11,11
29,22,23,12,4,L1,9,0,16,19,28,11,10,11,11
29,22,23,12,4,L1,10,1,29,6,24,11,10,11,11
29,22,23,13,4,L2,0,0,8,28,26,12,11,12,12
29,22,23,13,4,L2,1,0,9,27,12,12,11,12,12
29,22,23,13,4,L2,2,0,10,26,16,12,11,12,12
29,22,23,13,4,L2,3,0,11,25,3,12,11,12,12
29,22,23,13,4,L2,4,0,12,24,12,12,11,12,12
29,22,23,13,4,L2,5,0,13,23,4,12,11,12,12
29,22,23,13,4,L2,6,0,14,22,2,12,11,12,12
29,22,23,13,4,L2,7,0,15,21,21,12,11,12,12
29,22,23,13,4,L2,8,0,16,20,21,12,11,12,12
29,22,23,13,4,L2,9,0,17,19,2,12,11,12,12
29,22,23,13,4,L2,10,0,18,18,18,12,11,12,12
29,22,23,13,4,L2,11,1,29,7,24,12,11,12,12
29,22,24,11,3,L1,0,0,7,28,26,9,8,9,10
29,22,24,11,3,L1,1,0,8,27,7,9,8,9,10
29,22,24,11,3,L1,2,0,9,26,18,9,8,9,10
29,22,24,11,3,L1,3,0,10,25,23,9,8,9,10
29,22,24,11,3,L1,4,0,11,24,23,9,8,9,10
29,22,24,11,3,L1,5,0,12,23,27,9,8,9,10
29,22,24,11,3,L1,6,0,13,22,3,9,8,9,10
29,22,24,11,3,L1,7,0,14,21,9,9,8,9,10
29,22,24,11,3,L1,8,1,29,6,25,9,8,9,10
29,22,24,12,3,L2,0,0,8,28,1,10,9,10,10
29,22,24,12,3,L2,1,0,9,27,20,10,9,10,10
29,22,24,12,3,L2,2,0,10,26,10,10,9,10,10
29,22,24,12,3,L2,3,0,11,25,15,10,9,10,10
29,22,24,12,3,L2,4,0,12,24,18,10,9,10,10
29,22,24,12,3,L2,5,0,13,23,4,10,9,10,10
29,22,24,12,3,L2,6,0,14,22,7,10,9,10,10
29,22,24,12,3,L2,7,0,15,21,15,10,9,10,10
29,22,24,12,3,L2,8,0,16,20,5,10,9,10,10
29,22,24,12,3,L2,9,1,29,7,25,10,9,10,10
29,22,25,10,2,L1,0,0,7,28,19,7,6,7,7
29,22,25,10,2,L1,1,0,8,27,7,7,6,7,7
29,22,25,10,2,L1,2,0,9,26,12,7,6,7,7
29,22,25,10,2,L1,3,0,10,25,15,7,6,7,7
29,22,25,10,2,L1,4,0,11,24,22,7,6,7,7
29,22,25,10,2,L1,5,0,12,23,25,7,6,7,7
29,22,25,10,2,L1,6,1,29,6,26,7,6,7,7
29,22,25,11,2,L2,0,0,8,28,27,8,7,8,8
29,22,25,11,2,L2,1,0,9,27,28,8,7,8,8
29,22,25,11,2,L2,2,0,10,26,10,8,7,8,8
29,22,25,11,2,L2,3,0,11,25,10,8,7,8,8
29,22,25,11,2,L2,4,0,12,24,13,8,7,8,8
29,22,25,11,2,L2,5,0,13,23,24,8,7,8,8
29,22,25,11,2,L2,6,0,14,22,14,8,7,8,8
29,22,25,11,2,L2,7,1,29,7,26,8,7,8,8
29,22,26,9,1,L1,0,0,7,28,11,5,4,5,5
29,22,26,9,1,L1,1,0,8,27,18,5,4,5,5
29,22,26,9,1,L1,2,0,9,26,3,5,4,5,5
29,22,26,9,1,L1,3,0,10,25,23,5,4,5,5
29,22,26,9,1,L1,4,1,29,6,27,5,4,5,5
29,22,26,10,1,L2,0,0,8,28,24,6,5,6,6
29,22,26,10,1,L2,1,0,9,27,8,6,5,6,6
29,22,26,10,1,L2,2,0,10,26,10,6,5,6,6
29,22,26,10,1,L2,3,0,11,25,5,6,5,6,6
29,22,26,10,1,L2,4,0,12,24,7,6,5,6,6
29,22,26,10,1,L2,5,1,29,7,27,6,5,6,6
31,12,25,24,4,L1,0,0,19,30,8,11,10,11,11
31,12,25,24,4,L1,1,0,20,29,25,11,10,11,11
31,12,25,24,4,L1,2,0,21,28,3,11,10,11,11
31,12,25,24,4,L1,3,0,22,27,13,11,10,11,11
31,12,25,24,4,L1,4,0,23,26,18,11,10,11,11
31,12,25,24,4,L1,5,0,24,25,1,11,10,11,11
31,12,25,24,4,L1,6,0,25,24,15,11,10,11,11
31,12,25,24,4,L1,7,0,26,23,23,11,10,11,11
31,12,25,24,4,L1,8,0,27,22,11,11,10,11,11
31,12,25,24,4,L1,9,0,28,21,25,11,10,11,11
31,12,25,24,4,L1,10,1,31,18,26,11,10,11,11
31,12,25,25,4,L2,0,0,20,30,4,12,11,12,12
31,12,25,25,4,L2,1,0,21,29,13,12,11,12,12
31,12,25,25,4,L2,2,0,22,28,6,12,11,12,12
31,12,25,25,4,L2,3,0,23,27,23,12,11,12,12
31,12,25,25,4,L2,4,0,24,26,29,12,11,12,12
31,12,25,25,4,L2,5,0,25,25,17,12,11,12,12
31,12,25,25,4,L2,6,0,26,24,9,12,11,12,12
31,12,25,25,4,L2,7,0,27,23,14,12,11,12,12
31,12,25,25,4,L2,8,0,28,22,25,12,11,12,12
31,12,25,25,4,L2,9,0,29,21,13,12,11,12,12
31,12,25,25,4,L2,10,0,30,20,26,12,11,12,12
31,12,25,25,4,L2,11,1,31,19,26,12,11,12,12
31,12,26,23,3,L1,0,0,19,30,26,9,8,9,9
31,12,26,23,3,L1,1,0,20,29,21,9,8,9,9
31,12,26,23,3,L1,2,0,21,28,27,9,8,9,9
31,12,26,23,3,L1,3,0,22,27,26,9,8,9,9
31,12,26,23,3,L1,4,0,23,26,24,9,8,9,9
31,12,26,23,3,L1,5,0,24,25,7,9,8,9,9
31,12,26,23,3,L1,6,0,25,24,6,9,8,9,9
31,12,26,23,3,L1,7,0,26,23,1,9,8,9,9
31,12,26,23,3,L1,8,1,31,18,27,9,8,9,9
31,12,26,24,3,L2,0,0,20,30,20,10,9,10,9
31,12,26,24,3,L2,1,0,21,29,21,10,9,10,9
31,12,26,24,3,L2,2,0,22,28,29,10,9,10,9
31,12,26,24,3,L2,3,0,23,27,2,10,9,10,9
31,12,26,24,3,L2,4,0,24,26,7,10,9,10,9
31,12,26,24,3,L2,5,0,25,25,12,10,9,10,9
31,12,26,24,3,L2,6,0,26,24,6,10,9,10,9
31,12,26,24,3,L2,7,0,27,23,15,10,9,10,9
31,12,26,24,3,L2,8,0,28,22,20,10,9,10,9
31,12,26,24,3,L2,9,1,31,19,27,10,9,10,9
31,12,27,22,2,L1,0,0,19,30,18,7,6,7,7
31,12,27,22,2,L1,1,0,20,29,8,7,6,7,7
31,12,27,22,2,L1,2,0,21,28,29,7,6,7,7
31,12,27,22,2,L1,3,0,22,27,14,7,6,7,7
31,12,27,22,2,L1,4,0,23,26,16,7,6,7,7
31,12,27,22,2,L1,5,0,24,25,5,7,6,7,7
31,12,27,22,2,L1,6,1,31,18,28,7,6,7,7
31,12,27,23,2,L2,0,0,20,30,8,8,7,8,8
31,12,27,23,2,L2,1,0,21,29,28,8,7,8,8
31,12,27,23,2,L2,2,0,22,28,4,8,7,8,8
31,12,27,23,2,L2,3,0,23,27,18,8,7,8,8
31,12,27,23,2,L2,4,0,24,26,13,8,7,8,8
31,12,27,23,2,L2,5,0,25,25,20,8,7,8,8
31,12,27,23,2,L2,6,0,26,24,24,8,7,8,8
31,12,27,23,2,L2,7,1,31,19,28,8,7,8,8
31,12,28,21,1,L1,0,0,19,30,22,5,4,5,5
31,12,28,21,1,L1,1,0,20,29,10,5,4,5,5
31,12,28,21,1,L1,2,0,21,28,22,5,4,5,5
31,12,28,21,1,L1,3,0,22,27,21,5,4,5,5
31,12,28,21,1,L1,4,1,31,18,29,5,4,5,5
31,12,28,22,1,L2,0,0,20,30,26,6,5,6,6
31,12,28,22,1,L2,1,0,21,29,9,6,5,6,6
31,12,28,22,1,L2,2,0,22,28,30,6,5,6,6
31,12,28,22,1,L2,3,0,23,27,21,6,5,6,6
31,12,28,22,1,L2,4,0,24,26,24,6,5,6,6
31,12,28,22,1,L2,5,1,31,19,29,6,5,6,6
31,16,23,22,6,L1,0,0,15,30,18,15,14,15,15
31,16,23,22,6,L1,1,0,16,29,14,15,14,15,15
31,16,23,22,6,L1,2,0,17,28,25,15,14,15,15
31,16,23,22,6,L1,3,0,18,27,10,15,14,15,15
31,16,23,22,6,L1,4,0,19,26,5,15,14,15,15
31,16,23,22,6,L1,5,0,20,25,4,15,14,15,15
31,16,23,22,6,L1,6,0,21,24,29,15,14,15,15
31,16,23,22,6,L1,7,0,22,23,12,15,14,15,15
31,16,23,22,6,L1,8,0,23,22,19,15,14,15,15
31,16,23,22,6,L1,9,0,24,21,20,15,14,15,15
31,16,23,22,6,L1,10,0,25,20,21,15,14,15,15
31,16,23,22,6,L1,11,0,26,19,26,15,14,15,15
31,16,23,22,6,L1,12,0,27,18,3,15,14,15,15
31,16,23,22,6,L1,13,0,28,17,4,15,14,15,15
31,16,23,22,6,L1,14,1,31,14,24,15,14,15,15
31,16,23,23,6,L2,0,0,16,30,24,16,15,16,16
31,16,23,23,6,L2,1,0,17,29,19,16,15,16,16
31,16,23,23,6,L2,2,0,18,28,18,16,15,16,16
31,16,23,23,6,L2,3,0,19,27,17,16,15,16,16
31,16,23,23,6,L2,4,0,20,26,18,16,15,16,16
31,16,23,23,6,L2,5,0,21,25,12,16,15,16,16
31,16,23,23,6,L2,6,0,22,24,27,16,15,16,16
31,16,23,23,6,L2,7,0,23,23,26,16,15,16,16
31,16,23,23,6,L2,8,0,24,22,22,16,15,16,16
31,16,23,23,6,L2,9,0,25,21,30,16,15,16,16
31,16,23,23,6,L2,10,0,26,20,25,16,15,16,16
31,16,23,23,6,L2,11,0,27,19,1,16,15,16,16
31,16,23,23,6,L2,12,0,28,18,4,16,15,16,16
31,16,23,23,6,L2,13,0,29,17,12,16,15,16,16
31,16,23,23,6,L2,14,0,30,16,24,16,15,16,16
31,16,23,23,6,L2,15,1,31,15,24,16,15,16,16
31,16,24,21,5,L1,0,0,15,30,19,13,12,13,13
31,16,24,21,5,L1,1,0,16,29,8,13,12,13,13
31,16,24,21,5,L1,2,0,17,28,6,13,12,13,13
31,16,24,21,5,L1,3,0,18,27,20,13,12,13,13
31,16,24,21,5,L1,4,0,19,26,8,13,12,13,13
31,16,24,21,5,L1,5,0,20,25,16,13,12,13,13
31,16,24,21,5,L1,6,0,21,24,25,13,12,13,13
31,16,24,21,5,L1,7,0,22,23,8,13,12,13,13
31,16,24,21,5,L1,8,0,23,22,5,13,12,13,13
31,16,24,21,5,L1,9,0,24,21,26,13,12,13,13
31,16,24,21,5,L1,10,0,25,20,9,13,12,13,13
31,16,24,21,5,L1,11,0,26,19,17,13,12,13,13
31,16,24,21,5,L1,12,1,31,14,25,13,12,13,13
31,16,24,22,5,L2,0,0,16,30,12,14,13,14,14
31,16,24,22,5,L2,1,0,17,29,17,14,13,14,14
31,16,24,22,5,L2,2,0,18,28,13,14,13,14,14
31,16,24,22,5,L2,3,0,19,27,22,14,13,14,14
31,16,24,22,5,L2,4,0,20,26,30,14,13,14,14
31,16,24,22,5,L2,5,0,21,25,16,14,13,14,14
31,16,24,22,5,L2,6,0,22,24,28,14,13,14,14
31,16,24,22,5,L2,7,0,23,23,3,14,13,14,14
31,16,24,22,5,L2,8,0,24,22,26,14,13,14,14
31,16,24,22,5,L2,9,0,25,21,18,14,13,14,14
31,16,24,22,5,L2,10,0,26,20,9,14,13,14,14
31,16,24,22,5,L2,11,0,27,19,7,14,13,14,14
31,16,24,22,5,L2,12,0,28,18,30,14,13,14,14
31,16,24,22,5,L2,13,1,31,15,25,14,13,14,14
31,16,25,20,4,L1,0,0,15,30,15,11,10,11,11
31,16,25,20,4,L1,1,0,16,29,20,11,10,11,11
31,16,25,20,4,L1,2,0,17,28,12,11,10,11,11
31,16,25,20,4,L1,3,0,18,27,7,11,10,11,11
31,16,25,20,4,L1,4,0,19,26,30,11,10,11,11
31,16,25,20,4,L1,5,0,20,25,3,11,10,11,11
31,16,25,20,4,L1,6,0,21,24,7,11,10,11,11
31,16,25,20,4,L1,7,0,22,23,13,11,10,11,11
31,16,25,20,4,L1,8,0,23,22,6,11,10,11,11
31,16,25,20,4,L1,9,0,24,21,29,11,10,11,11
31,16,25,20,4,L1,10,1,31,14,26,11,10,11,11
31,16,25,21,4,L2,0,0,16,30,17,12,11,12,12
31,16,25,21,4,L2,1,0,17,29,5,12,11,12,12
31,16,25,21,4,L2,2,0,18,28,27,12,11,12,12
31,16,25,21,4,L2,3,0,19,27,17,12,11,12,12
31,16,25,21,4,L2,4,0,20,26,3,12,11,12,12
31,16,25,21,4,L2,5,0,21,25,26,12,11,12,12
31,16,25,21,4,L2,6,0,22,24,17,12,11,12,12
31,16,25,21,4,L2,7,0,23,23,30,12,11,12,12
31,16,25,21,4,L2,8,0,24,22,1,12,11,12,12
31,16,25,21,4,L2,9,0,25,21,23,12,11,12,12
31,16,25,21,4,L2,10,0,26,20,9,12,11,12,12
31,16,25,21,4,L2,11,1,31,15,26,12,11,12,12
31,16,26,19,3,L1,0,0,15,30,11,9,8,9,9
31,16,26,19,3,L1,1,0,16,29,16,9,8,9,9
31,16,26,19,3,L1,2,0,17,28,1,9,8,9,9
31,16,26,19,3,L1,3,0,18,27,3,9,8,9,9
31,16,26,19,3,L1,4,0,19,26,13,9,8,9,9
31,16,26,19,3,L1,5,0,20,25,20,9,8,9,9
31,16,26,19,3,L1,6,0,21,24,13,9,8,9,9
31,16,26,19,3,L1,7,0,22,23,11,9,8,9,9
31,16,26,19,3,L1,8,1,31,14,27,9,8,9,9
31,16,26,20,3,L2,0,0,16,30,16,10,9,10,10
31,16,26,20,3,L2,1,0,17,29,22,10,9,10,10
31,16,26,20,3,L2,2,0,18,28,18,10,9,10,10
31,16,26,20,3,L2,3,0,19,27,24,10,9,10,10
31,16,26,20,3,L2,4,0,20,26,21,10,9,10,10
31,16,26,20,3,L2,5,0,21,25,18,10,9,10,10
31,16,26,20,3,L2,6,0,22,24,29,10,9,10,10
31,16,26,20,3,L2,7,0,23,23,11,10,9,10,10
31,16,26,20,3,L2,8,0,24,22,17,10,9,10,10
31,16,26,20,3,L2,9,1,31,15,27,10,9,10,10
31,16,27,18,2,L1,0,0,15,30,24,7,6,7,7
31,16,27,18,2,L1,1,0,16,29,4,7,6,7,7
31,16,27,18,2,L1,2,0,17,28,26,7,6,7,7
31,16,27,18,2,L1,3,0,18,27,22,7,6,7,7
31,16,27,18,2,L1,4,0,19,26,27,7,6,7,7
31,16,27,18,2,L1,5,0,20,25,21,7,6,7,7
31,16,27,18,2,L1,6,1,31,14,28,7,6,7,7
31,16,27,19,2,L2,0,0,16,30,12,8,7,8,8
31,16,27,19,2,L2,1,0,17,29,24,8,7,8,8
31,16,27,19,2,L2,2,0,18,28,10,8,7,8,8
31,16,27,19,2,L2,3,0,19,27,2,8,7,8,8
31,16,27,19,2,L2,4,0,20,26,15,8,7,8,8
31,16,27,19,2,L2,5,0,21,25,2,8,7,8,8
31,16,27,19,2,L2,6,0,22,24,16,8,7,8,8
31,16,27,19,2,L2,7,1,31,15,28,8,7,8,8
31,16,28,17,1,L1,0,0,15,30,9,5,4,5,4
31,16,28,17,1,L1,1,0,16,29,4,5,4,5,4
31,16,28,17,1,L1,2,0,17,28,13,5,4,5,4
31,16,28,17,1,L1,3,0,18,27,14,5,4,5,4
31,16,28,17,1,L1,4,1,31,14,29,5,4,5,4
31,16,28,18,1,L2,0,0,16,30,13,6,5,6,5
31,16,28,18,1,L2,1,0,17,29,7,6,5,6,5
31,16,28,18,1,L2,2,0,18,28,25,6,5,6,5
31,16,28,18,1,L2,3,0,19,27,18,6,5,6,5
31,16,28,18,1,L2,4,0,20,26,14,6,5,6,5
31,16,28,18,1,L2,5,1,31,15,29,6,5,6,5
31,22,20,19,9,L1,0,0,9,30,26,21,20,21,22
31,22,20,19,9,L1,1,0,10,29,23,21,20,21,22
31,22,20,19,9,L1,2,0,11,28,10,21,20,21,22
31,22,20,19,9,L1,3,0,12,27,6,21,20,21,22
31,22,20,19,9,L1,4,0,13,26,29,21,20,21,22
31,22,20,19,9,L1,5,0,14,25,12,21,20,21,22
31,22,20,19,9,L1,6,0,15,24,8,21,20,21,22
31,22,20,19,9,L1,7,0,16,23,20,21,20,21,22
31,22,20,19,9,L1,8,0,17,22,18,21,20,21,22
31,22,20,19,9,L1,9,0,18,21,1,21,20,21,22
31,22,20,19,9,L1,10,0,19,20,16,21,20,21,22
31,22,20,19,9,L1,11,0,20,19,19,21,20,21,22
31,22,20,19,9,L1,12,0,21,18,6,21,20,21,22
31,22,20,19,9,L1,13,0,22,17,26,21,20,21,22
31,22,20,19,9,L1,14,0,23,16,5,21,20,21,22
31,22,20,19,9,L1,15,0,24,15,2,21,20,21,22
31,22,20,19,9,L1,16,0,25,14,30,21,20,21,22
31,22,20,19,9,L1,17,0,26,13,15,21,20,21,22
31,22,20,19,9,L1,18,0,27,12,22,21,20,21,22
31,22,20,19,9,L1,19,0,28,11,19,21,20,21,22
31,22,20,19,9,L1,20,1,31,8,21,21,20,21,22
31,22,20,20,9,L2,0,0,10,30,29,22,21,22,31
31,22,20,20,9,L2,1,0,11,29,20,22,21,22,31
31,22,20,20,9,L2,2,0,12,28,28,22,21,22,31
31,22,20,20,9,L2,3,0,13,27,5,22,21,22,31
31,22,20,20,9,L2,4,0,14,26,28,22,21,22,31
31,22,20,20,9,L2,5,0,15,25,11,22,21,22,31
31,22,20,20,9,L2,6,0,16,24,21,22,21,22,31
31,22,20,20,9,L2,7,0,17,23,5,22,21,22,31
31,22,20,20,9,L2,8,0,18,22,8,22,21,22,31
31,22,20,20,9,L2,9,0,19,21,11,22,21,22,31
31,22,20,20,9,L2,10,0,20,20,8,22,21,22,31
31,22,20,20,9,L2,11,0,21,19,26,22,21,22,31
31,22,20,20,9,L2,12,0,22,18,12,22,21,22,31
31,22,20,20,9,L2,13,0,23,17,15,22,21,22,31
31,22,20,20,9,L2,14,0,24,16,27,22,21,22,31
31,22,20,20,9,L2,15,0,25,15,3,22,21,22,31
31,22,20,20,9,L2,16,0,26,14,18,22,21,22,31
31,22,20,20,9,L2,17,0,27,13,28,22,21,22,31
31,22,20,20,9,L2,18,0,28,12,19,22,21,22,31
31,22,20,20,9,L2,19,0,29,11,26,22,21,22,31
31,22,20,20,9,L2,20,0,30,10,21,22,21,22,31
31,22,20,20,9,L2,21,1,31,9,21,22,21,22,31
31,22,21,18,8,L1,0,0,9,30,19,19,18,19,19
31,22,21,18,8,L1,1,0,10,29,21,19,18,19,19
31,22,21,18,8,L1,2,0,11,28,18,19,18,19,19
31,22,21,18,8,L1,3,0,12,27,15,19,18,19,19
31,22,21,18,8,L1,4,0,13,26,15,19,18,19,19
31,22,21,18,8,L1,5,0,14,25,15,19,18,19,19
31,22,21,18,8,L1,6,0,15,24,13,19,18,19,19
31,22,21,18,8,L1,7,0,16,23,12,19,18,19,19
31,22,21,18,8,L1,8,0,17,22,9,19,18,19,19
31,22,21,18,8,L1,9,0,18,21,30,19,18,19,19
31,22,21,18,8,L1,10,0,19,20,12,19,18,19,19
31,22,21,18,8,L1,11,0,20,19,24,19,18,19,19
31,22,21,18,8,L1,12,0,21,18,22,19,18,19,19
31,22,21,18,8,L1,13,0,22,17,12,19,18,19,19
31,22,21,18,8,L1,14,0,23,16,23,19,18,19,19
31,22,21,18,8,L1,15,0,24,15,8,19,18,19,19
31,22,21,18,8,L1,16,0,25,14,29,19,18,19,19
31,22,21,18,8,L1,17,0,26,13,10,19,18,19,19
31,22,21,18,8,L1,18,1,31,8,22,19,18,19,19
31,22,21,19,8,L2,0,0,10,30,30,20,19,20,26
31,22,21,19,8,L2,1,0,11,29,9,20,19,20,26
31,22,21,19,8,L2,2,0,12,28,24,20,19,20,26
31,22,21,19,8,L2,3,0,13,27,23,20,19,20,26
31,22,21,19,8,L2,4,0,14,26,17,20,19,20,26
31,22,21,19,8,L2,5,0,15,25,1,20,19,20,26
31,22,21,19,8,L2,6,0,16,24,18,20,19,20,26
31,22,21,19,8,L2,7,0,17,23,10,20,19,20,26
31,22,21,19,8,L2,8,0,18,22,4,20,19,20,26
31,22,21,19,8,L2,9,0,19,21,2,20,19,20,26
31,22,21,19,8,L2,10,0,20,20,14,20,19,20,26
31,22,21,19,8,L2,11,0,21,19,24,20,19,20,26
31,22,21,19,8,L2,12,0,22,18,11,20,19,20,26
31,22,21,19,8,L2,13,0,23,17,20,20,19,20,26
31,22,21,19,8,L2,14,0,24,16,8,20,19,20,26
31,22,21,19,8,L2,15,0,25,15,27,20,19,20,26
31,22,21,19,8,L2,16,0,26,14,29,20,19,20,26
31,22,21,19,8,L2,17,0,27,13,26,20,19,20,26
31,22,21,19,8,L2,18,0,28,12,14,20,19,20,26
31,22,21,19,8,L2,19,1,31,9,22,20,19,20,26
31,22,22,17,7,L1,0,0,9,30,8,17,16,17,18
31,22,22,17,7,L1,1,0,10,29,15,17,16,17,18
31,22,22,17,7,L1,2,0,11,28,19,17,16,17,18
31,22,22,17,7,L1,3,0,12,27,12,17,16,17,18
31,22,22,17,7,L1,4,0,13,26,28,17,16,17,18
31,22,22,17,7,L1,5,0,14,25,7,17,16,17,18
31,22,22,17,7,L1,6,0,15,24,24,17,16,17,18
31,22,22,17,7,L1,7,0,16,23,1,17,16,17,18
31,22,22,17,7,L1,8,0,17,22,13,17,16,17,18
31,22,22,17,7,L1,9,0,18,21,5,17,16,17,18
31,22,22,17,7,L1,10,0,19,20,17,17,16,17,18
31,22,22,17,7,L1,11,0,20,19,11,17,16,17,18
31,22,22,17,7,L1,12,0,21,18,5,17,16,17,18
31,22,22,17,7,L1,13,0,22,17,27,17,16,17,18
31,22,22,17,7,L1,14,0,23,16,22,17,16,17,18
31,22,22,17,7,L1,15,0,24,15,3,17,16,17,18
31,22,22,17,7,L1,16,1,31,8,23,17,16,17,18
31,22,22,18,7,L2,0,0,10,30,29,18,17,18,21
31,22,22,18,7,L2,1,0,11,29,16,18,17,18,21
31,22,22,18,7,L2,2,0,12,28,3,18,17,18,21
31,22,22,18,7,L2,3,0,13,27,3,18,17,18,21
31,22,22,18,7,L2,4,0,14,26,3,18,17,18,21
31,22,22,18,7,L2,5,0,15,25,15,18,17,18,21
31,22,22,18,7,L2,6,0,16,24,21,18,17,18,21
31,22,22,18,7,L2,7,0,17,23,8,18,17,18,21
31,22,22,18,7,L2,8,0,18,22,6,18,17,18,21
31,22,22,18,7,L2,9,0,19,21,21,18,17,18,21
31,22,22,18,7,L2,10,0,20,20,11,18,17,18,21
31,22,22,18,7,L2,11,0,21,19,23,18,17,18,21
31,22,22,18,7,L2,12,0,22,18,21,18,17,18,21
31,22,22,18,7,L2,13,0,23,17,17,18,17,18,21
31,22,22,18,7,L2,14,0,24,16,14,18,17,18,21
31,22,22,18,7,L2,15,0,25,15,12,18,17,18,21
31,22,22,18,7,L2,16,0,26,14,2,18,17,18,21
31,22,22,18,7,L2,17,1,31,9,23,18,17,18,21
31,22,23,16,6,L1,0,0,9,30,3,15,14,15,15
31,22,23,16,6,L1,1,0,10,29,1,15,14,15,15
31,22,23,16,6,L1,2,0,11,28,25,15,14,15,15
31,22,23,16,6,L1,3,0,12,27,17,15,14,15,15
31,22,23,16,6,L1,4,0,13,26,21,15,14,15,15
31,22,23,16,6,L1,5,0,14,25,5,15,14,15,15
31,22,23,16,6,L1,6,0,15,24,27,15,14,15,15
31,22,23,16,6,L1,7,0,16,23,28,15,14,15,15
31,22,23,16,6,L1,8,0,17,22,25,15,14,15,15
31,22,23,16,6,L1,9,0,18,21,13,15,14,15,15
31,22,23,16,6,L1,10,0,19,20,15,15,14,15,15
31,22,23,16,6,L1,11,0,20,19,4,15,14,15,15
31,22,23,16,6,L1,12,0,21,18,15,15,14,15,15
31,22,23,16,6,L1,13,0,22,17,27,15,14,15,15
31,22,23,16,6,L1,14,1,31,8,24,15,14,15,15
31,22,23,17,6,L2,0,0,10,30,17,16,15,16,16
31,22,23,17,6,L2,1,0,11,29,5,16,15,16,16
31,22,23,17,6,L2,2,0,12,28,26,16,15,16,16
31,22,23,17,6,L2,3,0,13,27,9,16,15,16,16
31,22,23,17,6,L2,4,0,14,26,10,16,15,16,16
31,22,23,17,6,L2,5,0,15,25,21,16,15,16,16
31,22,23,17,6,L2,6,0,16,24,28,16,15,16,16
31,22,23,17,6,L2,7,0,17,23,23,16,15,16,16
31,22,23,17,6,L2,8,0,18,22,16,16,15,16,16
31,22,23,17,6,L2,9,0,19,21,11,16,15,16,16
31,22,23,17,6,L2,10,0,20,20,29,16,15,16,16
31,22,23,17,6,L2,11,0,21,19,16,16,15,16,16
31,22,23,17,6,L2,12,0,22,18,12,16,15,16,16
31,22,23,17,6,L2,13,0,23,17,27,16,15,16,16
31,22,23,17,6,L2,14,0,24,16,22,16,15,16,16
31,22,23,17,6,L2,15,1,31,9,24,16,15,16,16
31,22,24,15,5,L1,0,0,9,30,8,13,12,13,13
31,22,24,15,5,L1,1,0,10,29,11,13,12,13,13
31,22,24,15,5,L1,2,0,11,28,7,13,12,13,13
31,22,24,15,5,L1,3,0,12,27,19,13,12,13,13
31,22,24,15,5,L1,4,0,13,26,2,13,12,13,13
31,22,24,15,5,L1,5,0,14,25,13,13,12,13,13
31,22,24,15,5,L1,6,0,15,24,17,13,12,13,13
31,22,24,15,5,L1,7,0,16,23,8,13,12,13,13
31,22,24,15,5,L1,8,0,17,22,21,13,12,13,13
31,22,24,15,5,L1,9,0,18,21,13,13,12,13,13
31,22,24,15,5,L1,10,0,19,20,23,13,12,13,13
31,22,24,15,5,L1,11,0,20,19,11,13,12,13,13
31,22,24,15,5,L1,12,1,31,8,25,13,12,13,13
31,22,24,16,5,L2,0,0,10,30,23,14,13,14,14
31,22,24,16,5,L2,1,0,11,29,17,14,13,14,14
31,22,24,16,5,L2,2,0,12,28,19,14,13,14,14
31,22,24,16,5,L2,3,0,13,27,18,14,13,14,14
31,22,24,16,5,L2,4,0,14,26,22,14,13,14,14
31,22,24,16,5,L2,5,0,15,25,1,14,13,14,14
31,22,24,16,5,L2,6,0,16,24,24,14,13,14,14
31,22,24,16,5,L2,7,0,17,23,17,14,13,14,14
31,22,24,16,5,L2,8,0,18,22,20,14,13,14,14
31,22,24,16,5,L2,9,0,19,21,4,14,13,14,14
31,22,24,16,5,L2,10,0,20,20,30,14,13,14,14
31,22,24,16,5,L2,11,0,21,19,4,14,13,14,14
31,22,24,16,5,L2,12,0,22,18,1,14,13,14,14
31,22,24,16,5,L2,13,1,31,9,25,14,13,14,14
31,22,25,14,4,L1,0,0,9,30,9,11,10,11,11
31,22,25,14,4,L1,1,0,10,29,14,11,10,11,11
31,22,25,14,4,L1,2,0,11,28,6,11,10,11,11
31,22,25,14,4,L1,3,0,12,27,23,11,10,11,11
31,22,25,14,4,L1,4,0,13,26,1,11,10,11,11
31,22,25,14,4,L1,5,0,14,25,29,11,10,11,11
31,22,25,14,4,L1,6,0,15,24,7,11,10,11,11
31,22,25,14,4,L1,7,0,16,23,10,11,10,11,11
31,22,25,14,4,L1,8,0,17,22,17,11,10,11,11
31,22,25,14,4,L1,9,0,18,21,4,11,10,11,11
31,22,25,14,4,L1,10,1,31,8,26,11,10,11,11
31,22,25,15,4,L2,0,0,10,30,4,12,11,12,12
31,22,25,15,4,L2,1,0,11,29,11,12,11,12,12
31,22,25,15,4,L2,2,0,12,28,21,12,11,12,12
31,22,25,15,4,L2,3,0,13,27,12,12,11,12,12
31,22,25,15,4,L2,4,0,14,26,16,12,11,12,12
31,22,25,15,4,L2,5,0,15,25,9,12,11,12,12
31,22,25,15,4,L2,6,0,16,24,17,12,11,12,12
31,22,25,15,4,L2,7,0,17,23,2,12,11,12,12
31,22,25,15,4,L2,8,0,18,22,16,12,11,12,12
31,22,25,15,4,L2,9,0,19,21,14,12,11,12,12
31,22,25,15,4,L2,10,0,20,20,4,12,11,12,12
31,22,25,15,4,L2,11,1,31,9,26,12,11,12,12
31,22,26,13,3,L1,0,0,9,30,13,9,8,9,9
31,22,26,13,3,L1,1,0,10,29,23,9,8,9,9
31,22,26,13,3,L1,2,0,11,28,24,9,8,9,9
31,22,26,13,3,L1,3,0,12,27,17,9,8,9,9
31,22,26,13,3,L1,4,0,13,26,27,9,8,9,9
31,22,26,13,3,L1,5,0,14,25,11,9,8,9,9
31,22,26,13,3,L1,6,0,15,24,4,9,8,9,9
31,22,26,13,3,L1,7,0,16,23,27,9,8,9,9
31,22,26,13,3,L1,8,1,31,8,27,9,8,9,9
31,22,26,14,3,L2,0,0,10,30,5,10,9,10,10
31,22,26,14,3,L2,1,0,11,29,11,10,9,10,10
31,22,26,14,3,L2,2,0,12,28,6,10,9,10,10
31,22,26,14,3,L2,3,0,13,27,7,10,9,10,10
31,22,26,14,3,L2,4,0,14,26,17,10,9,10,10
31,22,26,14,3,L2,5,0,15,25,18,10,9,10,10
31,22,26,14,3,L2,6,0,16,24,8,10,9,10,10
31,22,26,14,3,L2,7,0,17,23,26,10,9,10,10
31,22,26,14,3,L2,8,0,18,22,28,10,9,10,10
31,22,26,14,3,L2,9,1,31,9,27,10,9,10,10
31,22,27,12,2,L1,0,0,9,30,5,7,6,7,7
31,22,27,12,2,L1,1,0,10,29,7,7,6,7,7
31,22,27,12,2,L1,2,0,11,28,17,7,6,7,7
31,22,27,12,2,L1,3,0,12,27,8,7,6,7,7
31,22,27,12,2,L1,4,0,13,26,10,7,6,7,7
31,22,27,12,2,L1,5,0,14,25,27,7,6,7,7
31,22,27,12,2,L1,6,1,31,8,28,7,6,7,7
31,22,27,13,2,L2,0,0,10,30,25,8,7,8,8
31,22,27,13,2,L2,1,0,11,29,18,8,7,8,8
31,22,27,13,2,L2,2,0,12,28,5,8,7,8,8
31,22,27,13,2,L2,3,0,13,27,28,8,7,8,8
31,22,27,13,2,L2,4,0,14,26,16,8,7,8,8
31,22,27,13,2,L2,5,0,15,25,3,8,7,8,8
31,22,27,13,2,L2,6,0,16,24,28,8,7,8,8
31,22,27,13,2,L2,7,1,31,9,28,8,7,8,8
31,22,28,11,1,L1,0,0,9,30,4,5,4,5,5
31,22,28,11,1,L1,1,0,10,29,17,5,4,5,5
31,22,28,11,1,L1,2,0,11,28,14,5,4,5,5
31,22,28,11,1,L1,3,0,12,27,18,5,4,5,5
31,22,28,11,1,L1,4,1,31,8,29,5,4,5,5
31,22,28,12,1,L2,0,0,10,30,15,6,5,6,6
31,22,28,12,1,L2,1,0,11,29,1,6,5,6,6
31,22,28,12,1,L2,2,0,12,28,26,6,5,6,6
31,22,28,12,1,L2,3,0,13,27,17,6,5,6,6
31,22,28,12,1,L2,4,0,14,26,18,6,5,6,6
31,22,28,12,1,L2,5,1,31,9,29,6,5,6,6
37,12,31,30,4,L1,0,0,25,36,3,11,10,11,11
37,12,31,30,4,L1,1,0,26,35,16,11,10,11,11
37,12,31,30,4,L1,2,0,27,34,15,11,10,11,11
37,12,31,30,4,L1,3,0,28,33,18,11,10,11,11
37,12,31,30,4,L1,4,0,29,32,29,11,10,11,11
37,12,31,30,4,L1,5,0,30,31,23,11,10,11,11
37,12,31,30,4,L1,6,0,31,30,21,11,10,11,11
37,12,31,30,4,L1,7,0,32,29,9,11,10,11,11
37,12,31,30,4,L1,8,0,33,28,4,11,10,11,11
37,12,31,30,4,L1,9,0,34,27,30,11,10,11,11
37,12,31,30,4,L1,10,1,37,24,32,11,10,11,11
37,12,31,31,4,L2,0,0,26,36,2,12,11,12,25
37,12,31,31,4,L2,1,0,27,35,22,12,11,12,25
37,12,31,31,4,L2,2,0,28,34,35,12,11,12,25
37,12,31,31,4,L2,3,0,29,33,19,12,11,12,25
37,12,31,31,4,L2,4,0,30,32,4,12,11,12,25
37,12,31,31,4,L2,5,0,31,31,28,12,11,12,25
37,12,31,31,4,L2,6,0,32,30,20,12,11,12,25
37,12,31,31,4,L2,7,0,33,29,26,12,11,12,25
37,12,31,31,4,L2,8,0,34,28,30,12,11,12,25
37,12,31,31,4,L2,9,0,35,27,16,12,11,12,25
37,12,31,31,4,L2,10,0,36,26,32,12,11,12,25
37,12,31,31,4,L2,11,1,37,25,32,12,11,12,25
37,12,32,29,3,L1,0,0,25,36,7,9,8,9,9
37,12,32,29,3,L1,1,0,26,35,3,9,8,9,9
37,12,32,29,3,L1,2,0,27,34,5,9,8,9,9
37,12,32,29,3,L1,3,0,28,33,36,9,8,9,9
37,12,32,29,3,L1,4,0,29,32,14,9,8,9,9
37,12,32,29,3,L1,5,0,30,31,11,9,8,9,9
37,12,32,29,3,L1,6,0,31,30,1,9,8,9,9
37,12,32,29,3,L1,7,0,32,29,16,9,8,9,9
37,12,32,29,3,L1,8,1,37,24,33,9,8,9,9
37,12,32,30,3,L2,0,0,26,36,35,10,9,10,19
37,12,32,30,3,L2,1,0,27,35,12,10,9,10,19
37,12,32,30,3,L2,2,0,28,34,7,10,9,10,19
37,12,32,30,3,L2,3,0,29,33,1,10,9,10,19
37,12,32,30,3,L2,4,0,30,32,11,10,9,10,19
37,12,32,30,3,L2,5,0,31,31,2,10,9,10,19
37,12,32,30,3,L2,6,0,32,30,22,10,9,10,19
37,12,32,30,3,L2,7,0,33,29,18,10,9,10,19
37,12,32,30,3,L2,8,0,34,28,24,10,9,10,19
37,12,32,30,3,L2,9,1,37,25,33,10,9,10,19
37,12,33,28,2,L1,0,0,25,36,24,7,6,7,7
37,12,33,28,2,L1,1,0,26,35,30,7,6,7,7
37,12,33,28,2,L1,2,0,27,34,21,7,6,7,7
37,12,33,28,2,L1,3,0,28,33,33,7,6,7,7
37,12,33,28,2,L1,4,0,29,32,28,7,6,7,7
37,12,33,28,2,L1,5,0,30,31,32,7,6,7,7
37,12,33,28,2,L1,6,1,37,24,34,7,6,7,7
37,12,33,29,2,L2,0,0,26,36,30,8,7,8,13
37,12,33,29,2,L2,1,0,27,35,13,8,7,8,13
37,12,33,29,2,L2,2,0,28,34,27,8,7,8,13
37,12,33,29,2,L2,3,0,29,33,29,8,7,8,13
37,12,33,29,2,L2,4,0,30,32,36,8,7,8,13
37,12,33,29,2,L2,5,0,31,31,10,8,7,8,13
37,12,33,29,2,L2,6,0,32,30,12,8,7,8,13
37,12,33,29,2,L2,7,1,37,25,34,8,7,8,13
37,12,34,27,1,L1,0,0,25,36,11,5,4,5,5
37,12,34,27,1,L1,1,0,26,35,36,5,4,5,5
37,12,34,27,1,L1,2,0,27,34,20,5,4,5,5
37,12,34,27,1,L1,3,0,28,33,14,5,4,5,5
37,12,34,27,1,L1,4,1,37,24,35,5,4,5,5
37,12,34,28,1,L2,0,0,26,36,20,6,5,6,7
37,12,34,28,1,L2,1,0,27,35,14,6,5,6,7
37,12,34,28,1,L2,2,0,28,34,22,6,5,6,7
37,12,34,28,1,L2,3,0,29,33,31,6,5,6,7
37,12,34,28,1,L2,4,0,30,32,9,6,5,6,7
37,12,34,28,1,L2,5,1,37,25,35,6,5,6,7
37,16,29,28,6,L1,0,0,21,36,4,15,14,15,15
37,16,29,28,6,L1,1,0,22,35,16,15,14,15,15
37,16,29,28,6,L1,2,0,23,34,26,15,14,15,15
37,16,29,28,6,L1,3,0,24,33,12,15,14,15,15
37,16,29,28,6,L1,4,0,25,32,19,15,14,15,15
37,16,29,28,6,L1,5,0,26,31,15,15,14,15,15
37,16,29,28,6,L1,6,0,27,30,21,15,14,15,15
37,16,29,28,6,L1,7,0,28,29,3,15,14,15,15
37,16,29,28,6,L1,8,0,29,28,11,15,14,15,15
37,16,29,28,6,L1,9,0,30,27,10,15,14,15,15
37,16,29,28,6,L1,10,0,31,26,22,15,14,15,15
37,16,29,28,6,L1,11,0,32,25,20,15,14,15,15
37,16,29,28,6,L1,12,0,33,24,13,15,14,15,15
37,16,29,28,6,L1,13,0,34,23,5,15,14,15,15
37,16,29,28,6,L1,14,1,37,20,30,15,14,15,15
37,16,29,29,6,L2,0,0,22,36,14,16,15,16,37
37,16,29,29,6,L2,1,0,23,35,25,16,15,16,37
37,16,29,29,6,L2,2,0,24,34,17,16,15,16,37
37,16,29,29,6,L2,3,0,25,33,36,16,15,16,37
37,16,29,29,6,L2,4,0,26,32,25,16,15,16,37
37,16,29,29,6,L2,5,0,27,31,16,16,15,16,37
37,16,29,29,6,L2,6,0,28,30,12,16,15,16,37
37,16,29,29,6,L2,7,0,29,29,34,16,15,16,37
37,16,29,29,6,L2,8,0,30,28,13,16,15,16,37
37,16,29,29,6,L2,9,0,31,27,17,16,15,16,37
37,16,29,29,6,L2,10,0,32,26,28,16,15,16,37
37,16,29,29,6,L2,11,0,33,25,29,16,15,16,37
37,16,29,29,6,L2,12,0,34,24,5,16,15,16,37
37,16,29,29,6,L2,13,0,35,23,15,16,15,16,37
37,16,29,29,6,L2,14,0,36,22,30,16,15,16,37
37,16,29,29,6,L2,15,1,37,21,30,16,15,16,37
37,16,30,27,5,L1,0,0,21,36,34,13,12,13,13
37,16,30,27,5,L1,1,0,22,35,24,13,12,13,13
37,16,30,27,5,L1,2,0,23,34,14,13,12,13,13
37,16,30,27,5,L1,3,0,24,33,19,13,12,13,13
37,16,30,27,5,L1,4,0,25,32,29,13,12,13,13
37,16,30,27,5,L1,5,0,26,31,23,13,12,13,13
37,16,30,27,5,L1,6,0,27,30,26,13,12,13,13
37,16,30,27,5,L1,7,0,28,29,17,13,12,13,13
37,16,30,27,5,L1,8,0,29,28,21,13,12,13,13
37,16,30,27,5,L1,9,0,30,27,35,13,12,13,13
37,16,30,27,5,L1,10,0,31,26,20,13,12,13,13
37,16,30,27,5,L1,11,0,32,25,24,13,12,13,13
37,16,30,27,5,L1,12,1,37,20,31,13,12,13,13
37,16,30,28,5,L2,0,0,22,36,19,14,13,14,31
37,16,30,28,5,L2,1,0,23,35,17,14,13,14,31
37,16,30,28,5,L2,2,0,24,34,5,14,13,14,31
37,16,30,28,5,L2,3,0,25,33,11,14,13,14,31
37,16,30,28,5,L2,4,0,26,32,34,14,13,14,31
37,16,30,28,5,L2,5,0,27,31,18,14,13,14,31
37,16,30,28,5,L2,6,0,28,30,29,14,13,14,31
37,16,30,28,5,L2,7,0,29,29,20,14,13,14,31
37,16,30,28,5,L2,8,0,30,28,35,14,13,14,31
37,16,30,28,5,L2,9,0,31,27,3,14,13,14,31
37,16,30,28,5,L2,10,0,32,26,33,14,13,14,31
37,16,30,28,5,L2,11,0,33,25,27,14,13,14,31
37,16,30,28,5,L2,12,0,34,24,36,14,13,14,31
37,16,30,28,5,L2,13,1,37,21,31,14,13,14,31
37,16,31,26,4,L1,0,0,21,36,34,11,10,11,11
37,16,31,26,4,L1,1,0,22,35,23,11,10,11,11
37,16,31,26,4,L1,2,0,23,34,28,11,10,11,11
37,16,31,26,4,L1,3,0,24,33,9,11,10,11,11
37,16,31,26,4,L1,4,0,25,32,3,11,10,11,11
37,16,31,26,4,L1,5,0,26,31,13,11,10,11,11
37,16,31,26,4,L1,6,0,27,30,35,11,10,11,11
37,16,31,26,4,L1,7,0,28,29,18,11,10,11,11
37,16,31,26,4,L1,8,0,29,28,22,11,10,11,11
37,16,31,26,4,L1,9,0,30,27,4,11,10,11,11
37,16,31,26,4,L1,10,1,37,20,32,11,10,11,11
37,16,31,27,4,L2,0,0,22,36,20,12,11,12,25
37,16,31,27,4,L2,1,0,23,35,24,12,11,12,25
37,16,31,27,4,L2,2,0,24,34,22,12,11,12,25
37,16,31,27,4,L2,3,0,25,33,18,12,11,12,25
37,16,31,27,4,L2,4,0,26,32,13,12,11,12,25
37,16,31,27,4,L2,5,0,27,31,34,12,11,12,25
37,16,31,27,4,L2,6,0,28,30,8,12,11,12,25
37,16,31,27,4,L2,7,0,29,29,36,12,11,12,25
37,16,31,27,4,L2,8,0,30,28,23,12,11,12,25
37,16,31,27,4,L2,9,0,31,27,29,12,11,12,25
37,16,31,27,4,L2,10,0,32,26,20,12,11,12,25
37,16,31,27,4,L2,11,1,37,21,32,12,11,12,25
37,16,32,25,3,L1,0,0,21,36,17,9,8,9,9
37,16,32,25,3,L1,1,0,22,35,11,9,8,9,9
37,16,32,25,3,L1,2,0,23,34,2,9,8,9,9
37,16,32,25,3,L1,3,0,24,33,25,9,8,9,9
37,16,32,25,3,L1,4,0,25,32,22,9,8,9,9
37,16,32,25,3,L1,5,0,26,31,35,9,8,9,9
37,16,32,25,3,L1,6,0,27,30,3,9,8,9,9
37,16,32,25,3,L1,7,0,28,29,28,9,8,9,9
37,16,32,25,3,L1,8,1,37,20,33,9,8,9,9
37,16,32,26,3,L2,0,0,22,36,11,10,9,10,19
37,16,32,26,3,L2,1,0,23,35,15,10,9,10,19
37,16,32,26,3,L2,2,0,24,34,22,10,9,10,19
37,16,32,26,3,L2,3,0,25,33,32,10,9,10,19
37,16,32,26,3,L2,4,0,26,32,3,10,9,10,19
37,16,32,26,3,L2,5,0,27,31,28,10,9,10,19
37,16,32,26,3,L2,6,0,28,30,7,10,9,10,19
37,16,32,26,3,L2,7,0,29,29,25,10,9,10,19
37,16,32,26,3,L2,8,0,30,28,18,10,9,10,19
37,16,32,26,3,L2,9,1,37,21,33,10,9,10,19
37,16,33,24,2,L1,0,0,21,36,30,7,6,7,7
37,16,33,24,2,L1,1,0,22,35,12,7,6,7,7
37,16,33,24,2,L1,2,0,23,34,25,7,6,7,7
37,16,33,24,2,L1,3,0,24,33,21,7,6,7,7
37,16,33,24,2,L1,4,0,25,32,27,7,6,7,7
37,16,33,24,2,L1,5,0,26,31,16,7,6,7,7
37,16,33,24,2,L1,6,1,37,20,34,7,6,7,7
37,16,33,25,2,L2,0,0,22,36,36,8,7,8,13
37,16,33,25,2,L2,1,0,23,35,20,8,7,8,13
37,16,33,25,2,L2,2,0,24,34,28,8,7,8,13
37,16,33,25,2,L2,3,0,25,33,35,8,7,8,13
37,16,33,25,2,L2,4,0,26,32,17,8,7,8,13
37,16,33,25,2,L2,5,0,27,31,30,8,7,8,13
37,16,33,25,2,L2,6,0,28,30,21,8,7,8,13
37,16,33,25,2,L2,7,1,37,21,34,8,7,8,13
37,16,34,23,1,L1,0,0,21,36,12,5,4,5,5
37,16,34,23,1,L1,1,0,22,35,31,5,4,5,5
37,16,34,23,1,L1,2,0,23,34,3,5,4,5,5
37,16,34,23,1,L1,3,0,24,33,26,5,4,5,5
37,16,34,23,1,L1,4,1,37,20,35,5,4,5,5
37,16,34,24,1,L2,0,0,22,36,8,6,5,6,7
37,16,34,24,1,L2,1,0,23,35,29,6,5,6,7
37,16,34,24,1,L2,2,0,24,34,14,6,5,6,7
37,16,34,24,1,L2,3,0,25,33,18,6,5,6,7
37,16,34,24,1,L2,4,0,26,32,23,6,5,6,7
37,16,34,24,1,L2,5,1,37,21,35,6,5,6,7
41,12,35,34,4,L1,0,0,29,40,39,11,10,11,12
41,12,35,34,4,L1,1,0,30,39,40,11,10,11,12
41,12,35,34,4,L1,2,0,31,38,24,11,10,11,12
41,12,35,34,4,L1,3,0,32,37,9,11,10,11,12
41,12,35,34,4,L1,4,0,33,36,30,11,10,11,12
41,12,35,34,4,L1,5,0,34,35,25,11,10,11,12
41,12,35,34,4,L1,6,0,35,34,21,11,10,11,12
41,12,35,34,4,L1,7,0,36,33,10,11,10,11,12
41,12,35,34,4,L1,8,0,37,32,25,11,10,11,12
41,12,35,34,4,L1,9,0,38,31,6,11,10,11,12
41,12,35,34,4,L1,10,1,41,28,36,11,10,11,12
41,12,35,35,4,L2,0,0,30,40,10,12,11,12,14
41,12,35,35,4,L2,1,0,31,39,28,12,11,12,14
41,12,35,35,4,L2,2,0,32,38,34,12,11,12,14
41,12,35,35,4,L2,3,0,33,37,19,12,11,12,14
41,12,35,35,4,L2,4,0,34,36,29,12,11,12,14
41,12,35,35,4,L2,5,0,35,35,39,12,11,12,14
41,12,35,35,4,L2,6,0,36,34,29,12,11,12,14
41,12,35,35,4,L2,7,0,37,33,22,12,11,12,14
41,12,35,35,4,L2,8,0,38,32,6,12,11,12,14
41,12,35,35,4,L2,9,0,39,31,18,12,11,12,14
41,12,35,35,4,L2,10,0,40,30,36,12,11,12,14
41,12,35,35,4,L2,11,1,41,29,36,12,11,12,14
41,12,36,33,3,L1,0,0,29,40,15,9,8,9,9
41,12,36,33,3,L1,1,0,30,39,40,9,8,9,9
41,12,36,33,3,L1,2,0,31,38,18,9,8,9,9
41,12,36,33,3,L1,3,0,32,37,18,9,8,9,9
41,12,36,33,3,L1,4,0,33,36,40,9,8,9,9
41,12,36,33,3,L1,5,0,34,35,20,9,8,9,9
41,12,36,33,3,L1,6,0,35,34,33,9,8,9,9
41,12,36,33,3,L1,7,0,36,33,15,9,8,9,9
41,12,36,33,3,L1,8,1,41,28,37,9,8,9,9
41,12,36,34,3,L2,0,0,30,40,32,10,9,10,10
41,12,36,34,3,L2,1,0,31,39,11,10,9,10,10
41,12,36,34,3,L2,2,0,32,38,40,10,9,10,10
41,12,36,34,3,L2,3,0,33,37,24,10,9,10,10
41,12,36,34,3,L2,4,0,34,36,20,10,9,10,10
41,12,36,34,3,L2,5,0,35,35,25,10,9,10,10
41,12,36,34,3,L2,6,0,36,34,8,10,9,10,10
41,12,36,34,3,L2,7,0,37,33,20,10,9,10,10
41,12,36,34,3,L2,8,0,38,32,13,10,9,10,10
41,12,36,34,3,L2,9,1,41,29,37,10,9,10,10
41,12,37,32,2,L1,0,0,29,40,26,7,6,7,7
41,12,37,32,2,L1,1,0,30,39,30,7,6,7,7
41,12,37,32,2,L1,2,0,31,38,9,7,6,7,7
41,12,37,32,2,L1,3,0,32,37,30,7,6,7,7
41,12,37,32,2,L1,4,0,33,36,6,7,6,7,7
41,12,37,32,2,L1,5,0,34,35,1,7,6,7,7
41,12,37,32,2,L1,6,1,41,28,38,7,6,7,7
41,12,37,33,2,L2,0,0,30,40,30,8,7,8,8
41,12,37,33,2,L2,1,0,31,39,34,8,7,8,8
41,12,37,33,2,L2,2,0,32,38,34,8,7,8,8
41,12,37,33,2,L2,3,0,33,37,30,8,7,8,8
41,12,37,33,2,L2,4,0,34,36,15,8,7,8,8
41,12,37,33,2,L2,5,0,35,35,35,8,7,8,8
41,12,37,33,2,L2,6,0,36,34,1,8,7,8,8
41,12,37,33,2,L2,7,1,41,29,38,8,7,8,8
41,12,38,31,1,L1,0,0,29,40,14,5,4,5,5
41,12,38,31,1,L1,1,0,30,39,16,5,4,5,5
41,12,38,31,1,L1,2,0,31,38,27,5,4,5,5
41,12,38,31,1,L1,3,0,32,37,30,5,4,5,5
41,12,38,31,1,L1,4,1,41,28,39,5,4,5,5
41,12,38,32,1,L2,0,0,30,40,20,6,5,6,6
41,12,38,32,1,L2,1,0,31,39,6,6,5,6,6
41,12,38,32,1,L2,2,0,32,38,20,6,5,6,6
41,12,38,32,1,L2,3,0,33,37,4,6,5,6,6
41,12,38,32,1,L2,4,0,34,36,28,6,5,6,6
41,12,38,32,1,L2,5,1,41,29,39,6,5,6,6
41,16,33,32,6,L1,0,0,25,40,15,15,14,15,15
41,16,33,32,6,L1,1,0,26,39,3,15,14,15,15
41,16,33,32,6,L1,2,0,27,38,21,15,14,15,15
41,16,33,32,6,L1,3,0,28,37,28,15,14,15,15
41,16,33,32,6,L1,4,0,29,36,30,15,14,15,15
41,16,33,32,6,L1,5,0,30,35,15,15,14,15,15
41,16,33,32,6,L1,6,0,31,34,9,15,14,15,15
41,16,33,32,6,L1,7,0,32,33,29,15,14,15,15
41,16,33,32,6,L1,8,0,33,32,1,15,14,15,15
41,16,33,32,6,L1,9,0,34,31,35,15,14,15,15
41,16,33,32,6,L1,10,0,35,30,13,15,14,15,15
41,16,33,32,6,L1,11,0,36,29,14,15,14,15,15
41,16,33,32,6,L1,12,0,37,28,35,15,14,15,15
41,16,33,32,6,L1,13,0,38,27,33,15,14,15,15
41,16,33,32,6,L1,14,1,41,24,34,15,14,15,15
41,16,33,33,6,L2,0,0,26,40,14,16,15,16,28
41,16,33,33,6,L2,1,0,27,39,5,16,15,16,28
41,16,33,33,6,L2,2,0,28,38,29,16,15,16,28
41,16,33,33,6,L2,3,0,29,37,8,16,15,16,28
41,16,33,33,6,L2,4,0,30,36,14,16,15,16,28
41,16,33,33,6,L2,5,0,31,35,31,16,15,16,28
41,16,33,33,6,L2,6,0,32,34,23,16,15,16,28
41,16,33,33,6,L2,7,0,33,33,2,16,15,16,28
41,16,33,33,6,L2,8,0,34,32,16,16,15,16,28
41,16,33,33,6,L2,9,0,35,31,30,16,15,16,28
41,16,33,33,6,L2,10,0,36,30,16,16,15,16,28
41,16,33,33,6,L2,11,0,37,29,39,16,15,16,28
41,16,33,33,6,L2,12,0,38,28,33,16,15,16,28
41,16,33,33,6,L2,13,0,39,27,17,16,15,16,28
41,16,33,33,6,L2,14,0,40,26,34,16,15,16,28
41,16,33,33,6,L2,15,1,41,25,34,16,15,16,28
41,16,34,31,5,L1,0,0,25,40,9,13,12,13,13
41,16,34,31,5,L1,1,0,26,39,40,13,12,13,13
41,16,34,31,5,L1,2,0,27,38,1,13,12,13,13
41,16,34,31,5,L1,3,0,28,37,16,13,12,13,13
41,16,34,31,5,L1,4,0,29,36,2,13,12,13,13
41,16,34,31,5,L1,5,0,30,35,19,13,12,13,13
41,16,34,31,5,L1,6,0,31,34,27,13,12,13,13
41,16,34,31,5,L1,7,0,32,33,27,13,12,13,13
41,16,34,31,5,L1,8,0,33,32,19,13,12,13,13
41,16,34,31,5,L1,9,0,34,31,30,13,12,13,13
41,16,34,31,5,L1,10,0,35,30,29,13,12,13,13
41,16,34,31,5,L1,11,0,36,29,2,13,12,13,13
41,16,34,31,5,L1,12,1,41,24,35,13,12,13,13
41,16,34,32,5,L2,0,0,26,40,26,14,13,14,21
41,16,34,32,5,L2,1,0,27,39,18,14,13,14,21
41,16,34,32,5,L2,2,0,28,38,24,14,13,14,21
41,16,34,32,5,L2,3,0,29,37,14,14,13,14,21
41,16,34,32,5,L2,4,0,30,36,7,14,13,14,21
41,16,34,32,5,L2,5,0,31,35,37,14,13,14,21
41,16,34,32,5,L2,6,0,32,34,19,14,13,14,21
41,16,34,32,5,L2,7,0,33,33,36,14,13,14,21
41,16,34,32,5,L2,8,0,34,32,30,14,13,14,21
41,16,34,32,5,L2,9,0,35,31,17,14,13,14,21
41,16,34,32,5,L2,10,0,36,30,12,14,13,14,21
41,16,34,32,5,L2,11,0,37,29,30,14,13,14,21
41,16,34,32,5,L2,12,0,38,28,40,14,13,14,21
41,16,34,32,5,L2,13,1,41,25,35,14,13,14,21
41,16,35,30,4,L1,0,0,25,40,7,11,10,11,11
41,16,35,30,4,L1,1,0,26,39,18,11,10,11,11
41,16,35,30,4,L1,2,0,27,38,2,11,10,11,11
41,16,35,30,4,L1,3,0,28,37,34,11,10,11,11
41,16,35,30,4,L1,4,0,29,36,16,11,10,11,11
41,16,35,30,4,L1,5,0,30,35,9,11,10,11,11
41,16,35,30,4,L1,6,0,31,34,15,11,10,11,11
41,16,35,30,4,L1,7,0,32,33,9,11,10,11,11
41,16,35,30,4,L1,8,0,33,32,10,11,10,11,11
41,16,35,30,4,L1,9,0,34,31,29,11,10,11,11
41,16,35,30,4,L1,10,1,41,24,36,11,10,11,11
41,16,35,31,4,L2,0,0,26,40,6,12,11,12,14
41,16,35,31,4,L2,1,0,27,39,35,12,11,12,14
41,16,35,31,4,L2,2,0,28,38,27,12,11,12,14
41,16,35,31,4,L2,3,0,29,37,29,12,11,12,14
41,16,35,31,4,L2,4,0,30,36,9,12,11,12,14
41,16,35,31,4,L2,5,0,31,35,2,12,11,12,14
41,16,35,31,4,L2,6,0,32,34,2,12,11,12,14
41,16,35,31,4,L2,7,0,33,33,9,12,11,12,14
41,16,35,31,4,L2,8,0,34,32,25,12,11,12,14
41,16,35,31,4,L2,9,0,35,31,31,12,11,12,14
41,16,35,31,4,L2,10,0,36,30,29,12,11,12,14
41,16,35,31,4,L2,11,1,41,25,36,12,11,12,14
41,16,36,29,3,L1,0,0,25,40,40,9,8,9,9
41,16,36,29,3,L1,1,0,26,39,39,9,8,9,9
41,16,36,29,3,L1,2,0,27,38,34,9,8,9,9
41,16,36,29,3,L1,3,0,28,37,38,9,8,9,9
41,16,36,29,3,L1,4,0,29,36,28,9,8,9,9
41,16,36,29,3,L1,5,0,30,35,32,9,8,9,9
41,16,36,29,3,L1,6,0,31,34,13,9,8,9,9
41,16,36,29,3,L1,7,0,32,33,19,9,8,9,9
41,16,36,29,3,L1,8,1,41,24,37,9,8,9,9
41,16,36,30,3,L2,0,0,26,40,39,10,9,10,10
41,16,36,30,3,L2,1,0,27,39,18,10,9,10,10
41,16,36,30,3,L2,2,0,28,38,19,10,9,10,10
41,16,36,30,3,L2,3,0,29,37,21,10,9,10,10
41,16,36,30,3,L2,4,0,30,36,40,10,9,10,10
41,16,36,30,3,L2,5,0,31,35,12,10,9,10,10
41,16,36,30,3,L2,6,0,32,34,40,10,9,10,10
41,16,36,30,3,L2,7,0,33,33,8,10,9,10,10
41,16,36,30,3,L2,8,0,34,32,15,10,9,10,10
41,16,36,30,3,L2,9,1,41,25,37,10,9,10,10
41,16,37,28,2,L1,0,0,25,40,14,7,6,7,7
41,16,37,28,2,L1,1,0,26,39,20,7,6,7,7
41,16,37,28,2,L1,2,0,27,38,33,7,6,7,7
41,16,37,28,2,L1,3,0,28,37,12,7,6,7,7
41,16,37,28,2,L1,4,0,29,36,26,7,6,7,7
41,16,37,28,2,L1,5,0,30,35,6,7,6,7,7
41,16,37,28,2,L1,6,1,41,24,38,7,6,7,7
41,16,37,29,2,L2,0,0,26,40,19,8,7,8,8
41,16,37,29,2,L2,1,0,27,39,5,8,7,8,8
41,16,37,29,2,L2,2,0,28,38,8,8,7,8,8
41,16,37,29,2,L2,3,0,29,37,21,8,7,8,8
41,16,37,29,2,L2,4,0,30,36,24,8,7,8,8
41,16,37,29,2,L2,5,0,31,35,20,8,7,8,8
41,16,37,29,2,L2,6,0,32,34,4,8,7,8,8
41,16,37,29,2,L2,7,1,41,25,38,8,7,8,8
41,16,38,27,1,L1,0,0,25,40,1,5,4,5,5
41,16,38,27,1,L1,1,0,26,39,36,5,4,5,5
41,16,38,27,1,L1,2,0,27,38,1,5,4,5,5
41,16,38,27,1,L1,3,0,28,37,20,5,4,5,5
41,16,38,27,1,L1,4,1,41,24,39,5,4,5,5
41,16,38,28,1,L2,0,0,26,40,27,6,5,6,6
41,16,38,28,1,L2,1,0,27,39,22,6,5,6,6
41,16,38,28,1,L2,2,0,28,38,8,6,5,6,6
41,16,38,28,1,L2,3,0,29,37,31,6,5,6,6
41,16,38,28,1,L2,4,0,30,36,4,6,5,6,6
41,16,38,28,1,L2,5,1,41,25,39,6,5,6,6
43,12,37,36,4,L1,0,0,31,42,28,11,10,11,12
43,12,37,36,4,L1,1,0,32,41,13,11,10,11,12
43,12,37,36,4,L1,2,0,33,40,37,11,10,11,12
43,12,37,36,4,L1,3,0,34,39,25,11,10,11,12
43,12,37,36,4,L1,4,0,35,38,29,11,10,11,12
43,12,37,36,4,L1,5,0,36,37,6,11,10,11,12
43,12,37,36,4,L1,6,0,37,36,28,11,10,11,12
43,12,37,36,4,L1,7,0,38,35,32,11,10,11,12
43,12,37,36,4,L1,8,0,39,34,37,11,10,11,12
43,12,37,36,4,L1,9,0,40,33,35,11,10,11,12
43,12,37,36,4,L1,10,1,43,30,38,11,10,11,12
43,12,37,37,4,L2,0,0,32,42,28,12,11,12,13
43,12,37,37,4,L2,1,0,33,41,7,12,11,12,13
43,12,37,37,4,L2,2,0,34,40,27,12,11,12,13
43,12,37,37,4,L2,3,0,35,39,28,12,11,12,13
43,12,37,37,4,L2,4,0,36,38,9,12,11,12,13
43,12,37,37,4,L2,5,0,37,37,20,12,11,12,13
43,12,37,37,4,L2,6,0,38,36,34,12,11,12,13
43,12,37,37,4,L2,7,0,39,35,41,12,11,12,13
43,12,37,37,4,L2,8,0,40,34,35,12,11,12,13
43,12,37,37,4,L2,9,0,41,33,19,12,11,12,13
43,12,37,37,4,L2,10,0,42,32,38,12,11,12,13
43,12,37,37,4,L2,11,1,43,31,38,12,11,12,13
43,12,38,35,3,L1,0,0,31,42,14,9,8,9,9
43,12,38,35,3,L1,1,0,32,41,17,9,8,9,9
43,12,38,35,3,L1,2,0,33,40,9,9,8,9,9
43,12,38,35,3,L1,3,0,34,39,7,9,8,9,9
43,12,38,35,3,L1,4,0,35,38,10,9,8,9,9
43,12,38,35,3,L1,5,0,36,37,22,9,8,9,9
43,12,38,35,3,L1,6,0,37,36,37,9,8,9,9
43,12,38,35,3,L1,7,0,38,35,10,9,8,9,9
43,12,38,35,3,L1,8,1,43,30,39,9,8,9,9
43,12,38,36,3,L2,0,0,32,42,19,10,9,10,9
43,12,38,36,3,L2,1,0,33,41,21,10,9,10,9
43,12,38,36,3,L2,2,0,34,40,20,10,9,10,9
43,12,38,36,3,L2,3,0,35,39,6,10,9,10,9
43,12,38,36,3,L2,4,0,36,38,22,10,9,10,9
43,12,38,36,3,L2,5,0,37,37,31,10,9,10,9
43,12,38,36,3,L2,6,0,38,36,17,10,9,10,9
43,12,38,36,3,L2,7,0,39,35,21,10,9,10,9
43,12,38,36,3,L2,8,0,40,34,28,10,9,10,9
43,12,38,36,3,L2,9,1,43,31,39,10,9,10,9
43,12,39,34,2,L1,0,0,31,42,19,7,6,7,7
43,12,39,34,2,L1,1,0,32,41,2,7,6,7,7
43,12,39,34,2,L1,2,0,33,40,26,7,6,7,7
43,12,39,34,2,L1,3,0,34,39,15,7,6,7,7
43,12,39,34,2,L1,4,0,35,38,23,7,6,7,7
43,12,39,34,2,L1,5,0,36,37,14,7,6,7,7
43,12,39,34,2,L1,6,1,43,30,40,7,6,7,7
43,12,39,35,2,L2,0,0,32,42,2,8,7,8,8
43,12,39,35,2,L2,1,0,33,41,39,8,7,8,8
43,12,39,35,2,L2,2,0,34,40,16,8,7,8,8
43,12,39,35,2,L2,3,0,35,39,29,8,7,8,8
43,12,39,35,2,L2,4,0,36,38,38,8,7,8,8
43,12,39,35,2,L2,5,0,37,37,17,8,7,8,8
43,12,39,35,2,L2,6,0,38,36,29,8,7,8,8
43,12,39,35,2,L2,7,1,43,31,40,8,7,8,8
43,12,40,33,1,L1,0,0,31,42,25,5,4,5,5
43,12,40,33,1,L1,1,0,32,41,31,5,4,5,5
43,12,40,33,1,L1,2,0,33,40,8,5,4,5,5
43,12,40,33,1,L1,3,0,34,39,28,5,4,5,5
43,12,40,33,1,L1,4,1,43,30,41,5,4,5,5
43,12,40,34,1,L2,0,0,32,42,30,6,5,6,6
43,12,40,34,1,L2,1,0,33,41,3,6,5,6,6
43,12,40,34,1,L2,2,0,34,40,10,6,5,6,6
43,12,40,34,1,L2,3,0,35,39,1,6,5,6,6
43,12,40,34,1,L2,4,0,36,38,38,6,5,6,6
43,12,40,34,1,L2,5,1,43,31,41,6,5,6,6
43,16,35,34,6,L1,0,0,27,42,27,15,14,15,15
43,16,35,34,6,L1,1,0,28,41,39,15,14,15,15
43,16,35,34,6,L1,2,0,29,40,10,15,14,15,15
43,16,35,34,6,L1,3,0,30,39,6,15,14,15,15
43,16,35,34,6,L1,4,0,31,38,22,15,14,15,15
43,16,35,34,6,L1,5,0,32,37,1,15,14,15,15
43,16,35,34,6,L1,6,0,33,36,26,15,14,15,15
43,16,35,34,6,L1,7,0,34,35,35,15,14,15,15
43,16,35,34,6,L1,8,0,35,34,32,15,14,15,15
43,16,35,34,6,L1,9,0,36,33,17,15,14,15,15
43,16,35,34,6,L1,10,0,37,32,22,15,14,15,15
43,16,35,34,6,L1,11,0,38,31,19,15,14,15,15
43,16,35,34,6,L1,12,0,39,30,26,15,14,15,15
43,16,35,34,6,L1,13,0,40,29,6,15,14,15,15
43,16,35,34,6,L1,14,1,43,26,36,15,14,15,15
43,16,35,35,6,L2,0,0,28,42,25,16,15,16,22
43,16,35,35,6,L2,1,0,29,41,31,16,15,16,22
43,16,35,35,6,L2,2,0,30,40,4,16,15,16,22
43,16,35,35,6,L2,3,0,31,39,9,16,15,16,22
43,16,35,35,6,L2,4,0,32,38,22,16,15,16,22
43,16,35,35,6,L2,5,0,33,37,27,16,15,16,22
43,16,35,35,6,L2,6,0,34,36,12,16,15,16,22
43,16,35,35,6,L2,7,0,35,35,22,16,15,16,22
43,16,35,35,6,L2,8,0,36,34,4,16,15,16,22
43,16,35,35,6,L2,9,0,37,33,28,16,15,16,22
43,16,35,35,6,L2,10,0,38,32,39,16,15,16,22
43,16,35,35,6,L2,11,0,39,31,23,16,15,16,22
43,16,35,35,6,L2,12,0,40,30,6,16,15,16,22
43,16,35,35,6,L2,13,0,41,29,18,16,15,16,22
43,16,35,35,6,L2,14,0,42,28,36,16,15,16,22
43,16,35,35,6,L2,15,1,43,27,36,16,15,16,22
43,16,36,33,5,L1,0,0,27,42,6,13,12,13,13
43,16,36,33,5,L1,1,0,28,41,36,13,12,13,13
43,16,36,33,5,L1,2,0,29,40,11,13,12,13,13
43,16,36,33,5,L1,3,0,30,39,14,13,12,13,13
43,16,36,33,5,L1,4,0,31,38,21,13,12,13,13
43,16,36,33,5,L1,5,0,32,37,4,13,12,13,13
43,16,36,33,5,L1,6,0,33,36,35,13,12,13,13
43,16,36,33,5,L1,7,0,34,35,32,13,12,13,13
43,16,36,33,5,L1,8,0,35,34,15,13,12,13,13
43,16,36,33,5,L1,9,0,36,33,33,13,12,13,13
43,16,36,33,5,L1,10,0,37,32,34,13,12,13,13
43,16,36,33,5,L1,11,0,38,31,15,13,12,13,13
43,16,36,33,5,L1,12,1,43,26,37,13,12,13,13
43,16,36,34,5,L2,0,0,28,42,15,14,13,14,15
43,16,36,34,5,L2,1,0,29,41,27,14,13,14,15
43,16,36,34,5,L2,2,0,30,40,42,14,13,14,15
43,16,36,34,5,L2,3,0,31,39,25,14,13,14,15
43,16,36,34,5,L2,4,0,32,38,7,14,13,14,15
43,16,36,34,5,L2,5,0,33,37,10,14,13,14,15
43,16,36,34,5,L2,6,0,34,36,30,14,13,14,15
43,16,36,34,5,L2,7,0,35,35,9,14,13,14,15
43,16,36,34,5,L2,8,0,36,34,33,14,13,14,15
43,16,36,34,5,L2,9,0,37,33,25,14,13,14,15
43,16,36,34,5,L2,10,0,38,32,4,14,13,14,15
43,16,36,34,5,L2,11,0,39,31,10,14,13,14,15
43,16,36,34,5,L2,12,0,40,30,42,14,13,14,15
43,16,36,34,5,L2,13,1,43,27,37,14,13,14,15
43,16,37,32,4,L1,0,0,27,42,4,11,10,11,11
43,16,37,32,4,L1,1,0,28,41,4,11,10,11,11
43,16,37,32,4,L1,2,0,29,40,22,11,10,11,11
43,16,37,32,4,L1,3,0,30,39,17,11,10,11,11
43,16,37,32,4,L1,4,0,31,38,3,11,10,11,11
43,16,37,32,4,L1,5,0,32,37,32,11,10,11,11
43,16,37,32,4,L1,6,0,33,36,29,11,10,11,11
43,16,37,32,4,L1,7,0,34,35,25,11,10,11,11
43,16,37,32,4,L1,8,0,35,34,24,11,10,11,11
43,16,37,32,4,L1,9,0,36,33,9,11,10,11,11
43,16,37,32,4,L1,10,1,43,26,38,11,10,11,11
43,16,37,33,4,L2,0,0,28,42,30,12,11,12,12
43,16,37,33,4,L2,1,0,29,41,2,12,11,12,12
43,16,37,33,4,L2,2,0,30,40,26,12,11,12,12
43,16,37,33,4,L2,3,0,31,39,39,12,11,12,12
43,16,37,33,4,L2,4,0,32,38,32,12,11,12,12
43,16,37,33,4,L2,5,0,33,37,22,12,11,12,12
43,16,37,33,4,L2,6,0,34,36,41,12,11,12,12
43,16,37,33,4,L2,7,0,35,35,34,12,11,12,12
43,16,37,33,4,L2,8,0,36,34,6,12,11,12,12
43,16,37,33,4,L2,9,0,37,33,14,12,11,12,12
43,16,37,33,4,L2,10,0,38,32,34,12,11,12,12
43,16,37,33,4,L2,11,1,43,27,38,12,11,12,12
43,16,38,31,3,L1,0,0,27,42,25,9,8,9,9
43,16,38,31,3,L1,1,0,28,41,29,9,8,9,9
43,16,38,31,3,L1,2,0,29,40,39,9,8,9,9
43,16,38,31,3,L1,3,0,30,39,38,9,8,9,9
43,16,38,31,3,L1,4,0,31,38,7,9,8,9,9
43,16,38,31,3,L1,5,0,32,37,19,9,8,9,9
43,16,38,31,3,L1,6,0,33,36,16,9,8,9,9
43,16,38,31,3,L1,7,0,34,35,13,9,8,9,9
43,16,38,31,3,L1,8,1,43,26,39,9,8,9,9
43,16,38,32,3,L2,0,0,28,42,29,10,9,10,10
43,16,38,32,3,L2,1,0,29,41,9,10,9,10,10
43,16,38,32,3,L2,2,0,30,40,5,10,9,10,10
43,16,38,32,3,L2,3,0,31,39,11,10,9,10,10
43,16,38,32,3,L2,4,0,32,38,17,10,9,10,10
43,16,38,32,3,L2,5,0,33,37,6,10,9,10,10
43,16,38,32,3,L2,6,0,34,36,20,10,9,10,10
43,16,38,32,3,L2,7,0,35,35,2,10,9,10,10
43,16,38,32,3,L2,8,0,36,34,33,10,9,10,10
43,16,38,32,3,L2,9,1,43,27,39,10,9,10,10
43,16,39,30,2,L1,0,0,27,42,41,7,6,7,7
43,16,39,30,2,L1,1,0,28,41,18,7,6,7,7
43,16,39,30,2,L1,2,0,29,40,28,7,6,7,7
43,16,39,30,2,L1,3,0,30,39,21,7,6,7,7
43,16,39,30,2,L1,4,0,31,38,24,7,6,7,7
43,16,39,30,2,L1,5,0,32,37,34,7,6,7,7
43,16,39,30,2,L1,6,1,43,26,40,7,6,7,7
43,16,39,31,2,L2,0,0,28,42,11,8,7,8,8
43,16,39,31,2,L2,1,0,29,41,40,8,7,8,8
43,16,39,31,2,L2,2,0,30,40,7,8,7,8,8
43,16,39,31,2,L2,3,0,31,39,16,8,7,8,8
43,16,39,31,2,L2,4,0,32,38,25,8,7,8,8
43,16,39,31,2,L2,5,0,33,37,12,8,7,8,8
43,16,39,31,2,L2,6,0,34,36,42,8,7,8,8
43,16,39,31,2,L2,7,1,43,27,40,8,7,8,8
43,16,40,29,1,L1,0,0,27,42,15,5,4,5,5
43,16,40,29,1,L1,1,0,28,41,5,5,4,5,5
43,16,40,29,1,L1,2,0,29,40,23,5,4,5,5
43,16,40,29,1,L1,3,0,30,39,38,5,4,5,5
43,16,40,29,1,L1,4,1,43,26,41,5,4,5,5
43,16,40,30,1,L2,0,0,28,42,12,6,5,6,6
43,16,40,30,1,L2,1,0,29,41,33,6,5,6,6
43,16,40,30,1,L2,2,0,30,40,14,6,5,6,6
43,16,40,30,1,L2,3,0,31,39,16,6,5,6,6
43,16,40,30,1,L2,4,0,32,38,37,6,5,6,6
43,16,40,30,1,L2,5,1,43,27,41,6,5,6,6
